repo,url,stars,forks,open_issues,open_prs,closed_prs,merged_prs,total_closed_prs
intel/gstreamer-media-SDK,https://github.com/01org/gstreamer-media-SDK,92,47,34,6,8,59,67
100askTeam/DShanMCU_ra6m5_lvgl_demo,https://github.com/100askTeam/DShanMCU_ra6m5_lvgl_demo,1,0,0,0,0,0,0
4ms/stm32mp1-baremetal,https://github.com/4ms/stm32mp1-baremetal,201,31,8,2,1,5,6
ARM-software/CMSIS_4,https://github.com/ARM-software/CMSIS,480,391,0,8,3,0,3
ARM-software/CMSIS-Compiler,https://github.com/ARM-software/CMSIS-Compiler,35,19,2,1,5,64,69
ARM-software/CMSIS-DSP,https://github.com/ARM-software/CMSIS-DSP,937,213,37,0,13,80,93
ARM-software/CMSIS-Driver,https://github.com/ARM-software/CMSIS-Driver,209,69,6,0,5,30,35
ARM-software/CMSIS-NN,https://github.com/ARM-software/CMSIS-NN,370,96,3,0,14,127,141
ARM-software/CMSIS-RTX,https://github.com/ARM-software/CMSIS-RTX,129,38,1,0,9,68,77
ARM-software/CMSIS_5,https://github.com/ARM-software/CMSIS_5,1571,1106,190,27,181,553,734
ARM-software/CMSIS_6,https://github.com/ARM-software/CMSIS_6,383,136,30,5,15,184,199
ARM-software/android-nn-driver,https://github.com/ARM-software/android-nn-driver,157,62,4,1,0,0,0
ARM-software/arm-trusted-firmware,https://github.com/ARM-software/arm-trusted-firmware,2170,1537,0,2,426,1546,1972
ARMmbed/mbed-os,https://github.com/ARMmbed/mbed-os,4829,3046,194,15,1729,9251,10980
ARMmbed/mbed-os-example-ble,https://github.com/ARMmbed/mbed-os-example-ble,135,114,6,0,63,225,288
ARMmbed/mbed-os-example-blinky,https://github.com/ARMmbed/mbed-os-example-blinky,41,156,2,2,31,180,211
AfanVibrant/Afan_SAME70_BSP,https://github.com/AfanVibrant/Afan_SAME70_BSP,0,0,0,0,0,0,0
wled/WLED,https://github.com/Aircoookie/WLED,17527,4017,363,129,511,1100,1611
AlSaqr-platform/can_bus,https://github.com/AlSaqr-platform/can_bus,5,1,0,0,0,0,0
AndreaLombardo/L298N,https://github.com/AndreaLombardo/L298N,152,51,5,1,3,4,7
AngeloJacobo/FPGA_SDRAM_Controller,https://github.com/AngeloJacobo/FPGA_SDRAM_Controller,29,5,0,1,0,0,0
AngeloJacobo/UberDDR3,https://github.com/AngeloJacobo/UberDDR3,416,62,9,0,0,19,19
ArduPilot/ardupilot,https://github.com/ArduPilot/ardupilot,14513,20255,1616,1215,7305,16170,23475
Arm-Examples/EW2024_CMSIS-Toolbox,https://github.com/Arm-Examples/EW2024_CMSIS-Toolbox,1,1,0,0,1,1,2
Arm-Examples/Hello_LPCXpresso55S69,https://github.com/Arm-Examples/Hello_LPCXpresso55S69,0,1,0,0,0,7,7
ARM-software/CMSIS_6,https://github.com/Arm-software/CMSIS_6,383,136,30,5,15,184,199
AtherEnergy/ACAN,https://github.com/AtherEnergy/ACAN,27,3,1,0,0,0,0
Atos-Research-and-Innovation/IoTagent-LoRaWAN,https://github.com/Atos-Research-and-Innovation/IoTagent-LoRaWAN,38,44,21,7,19,75,94
AutonomousVehicleLaboratory/rb5_ros,https://github.com/AutonomousVehicleLaboratory/rb5_ros,15,18,0,0,0,1,1
BST-Github-Admin/drivers,https://github.com/BST-Github-Admin/drivers,5,10,0,0,0,0,0
bolderflight/bmi088-arduino,https://github.com/BolderFlight/BMI088,59,32,4,3,0,0,0
boschsensortec/BMI08x_SensorAPI,https://github.com/BoschSensortec/BMI08x_SensorAPI,148,55,0,6,7,5,12
boschsensortec/BMP5_SensorAPI,https://github.com/BoschSensortec/BMP5_SensorAPI,22,10,4,1,0,0,0
BrianHGinc/BrianHG-DDR3-Controller,https://github.com/BrianHGinc/BrianHG-DDR3-Controller,86,36,0,0,0,0,0
CANopenNode/CANopenNode,https://github.com/CANopenNode/CANopenNode,1811,767,83,11,61,125,186
cuav/NuttX,https://github.com/CUAV/NuttX,0,0,0,0,0,0,0
ChibiOS/ChibiOS,https://github.com/ChibiOS/ChibiOS,825,510,0,0,44,5,49
CoreELEC/CoreELEC,https://github.com/CoreELEC/CoreELEC,1766,947,0,0,105,170,275
CoreELEC/common_drivers,https://github.com/CoreELEC/common_drivers,3,14,0,0,1,7,8
CoreELEC/device-trees-amlogic,https://github.com/CoreELEC/device-trees-amlogic,9,13,0,0,0,0,0
CoreELEC/linux-amlogic,https://github.com/CoreELEC/linux-amlogic,55,88,0,0,17,27,44
CounterPillow/linux,https://github.com/CounterPillow/linux,0,2,0,0,0,0,0
CounterPillow/u-boot-quartz64,https://github.com/CounterPillow/u-boot-quartz64,1,1,0,0,0,0,0
Crazy-Geeks/STM32-W25Q-QSPI,https://github.com/Crazy-Geeks/STM32-W25Q-QSPI,102,27,5,1,0,2,2
CyanogenMod/android_hardware_qcom_gps,https://github.com/CyanogenMod/android_hardware_qcom_gps,43,109,0,0,1,0,1
DPDK/dpdk,https://github.com/DPDK/dpdk,4106,1423,0,24,89,0,89
Da-Vinci-Engineering/openAUTOSAR,https://github.com/Da-Vinci-Engineering/openAUTOSAR,67,31,2,0,0,15,15
Digilent/u-boot-digilent,https://github.com/Digilent/u-boot-digilent,31,55,0,1,0,0,0
EIPStackGroup/OpENer,https://github.com/EIPStackGroup/OpENer,801,300,54,4,35,181,216
Embetronicx/STM32-Bootloader,https://github.com/Embetronicx/STM32-Bootloader,102,42,2,0,1,0,1
EnmanuelParache/msp430fr247x-hal,https://github.com/EnmanuelParache/msp430fr247x-hal,0,0,0,0,0,1,1
Eslam-Abdo/CAN_Protocol,https://github.com/Eslam-Abdo/CAN_Protocol,5,1,0,0,0,0,0
FalconLee1011/L9110s-Library-for-Arduino,https://github.com/FalconLee1011/L9110s-Library-for-Arduino,9,3,0,0,0,2,2
Firefly-rk-linux/kernel,https://github.com/Firefly-rk-linux/kernel,6,3,0,0,0,0,0
Firefly-rk-linux/manifests,https://github.com/Firefly-rk-linux/manifests,1,1,1,0,0,0,0
FreeRTOS/FreeRTOS,https://github.com/FreeRTOS/FreeRTOS,6985,1946,10,17,260,996,1256
FreeRTOS/FreeRTOS-Kernel,https://github.com/FreeRTOS/FreeRTOS-Kernel,3869,1450,29,10,195,872,1067
FreeRTOS/FreeRTOS-Kernel-Community-Supported-Ports,https://github.com/FreeRTOS/FreeRTOS-Kernel-Community-Supported-Ports,33,32,0,0,1,25,26
FreeRTOS/FreeRTOS-Kernel-Partner-Supported-Ports,https://github.com/FreeRTOS/FreeRTOS-Kernel-Partner-Supported-Ports,16,25,0,1,3,19,22
FreeRTOS/FreeRTOS-Plus-TCP,https://github.com/FreeRTOS/FreeRTOS-Plus-TCP,198,207,22,7,250,922,1172
FreeRTOS/FreeRTOS-SMP-Demos,https://github.com/FreeRTOS/FreeRTOS-SMP-Demos,67,47,0,0,0,12,12
FreeRTOS/iot-reference-esp32,https://github.com/FreeRTOS/iot-reference-esp32,98,58,3,0,13,49,62
FreeRTOS/iot-reference-nxp-rt1060,https://github.com/FreeRTOS/iot-reference-nxp-rt1060,23,23,1,3,7,42,49
FreshTomato-Project/freshtomato-arm,https://github.com/FreshTomato-Project/freshtomato-arm,142,31,68,2,35,49,84
GENIVI/CANdevStudio,https://github.com/GENIVI/CANdevStudio,1103,278,35,1,27,166,193
Glass-Imaging/sample-apps-for-Qualcomm-Robotics-RB5-platform,https://github.com/Glass-Imaging/sample-apps-for-Qualcomm-Robotics-RB5-platform,2,0,0,0,0,0,0
Heltec-Aaron-Lee/WiFi_Kit_series,https://github.com/Heltec-Aaron-Lee/WiFi_Kit_series,887,334,170,2,7,52,59
InES-HPMM/FPD-LinkIII_ds90ub95x,https://github.com/InES-HPMM/FPD-LinkIII_ds90ub95x,54,23,0,1,2,3,5
Infineon/AURIX_code_examples,https://github.com/Infineon/AURIX_code_examples,621,386,0,0,0,0,0
Infineon/bless,https://github.com/Infineon/bless,8,3,0,0,1,0,1
Infineon/emusb-device,https://github.com/Infineon/emusb-device,4,0,0,0,0,0,0
Infineon/ethernet-connection-manager,https://github.com/Infineon/ethernet-connection-manager,3,1,0,0,0,0,0
Infineon/ethernet-phy-driver,https://github.com/Infineon/ethernet-phy-driver,1,0,0,0,0,0,0
Infineon/illd_release_tc2x,https://github.com/Infineon/illd_release_tc2x,3,2,0,1,0,0,0
Infineon/illd_release_tc3x,https://github.com/Infineon/illd_release_tc3x,15,1,2,0,0,0,0
Infineon/illd_release_tc4x,https://github.com/Infineon/illd_release_tc4x,4,0,0,0,0,0,0
Infineon/psoc6hal,https://github.com/Infineon/psoc6hal,7,6,0,0,0,0,0
Insper/SAME70-examples,https://github.com/Insper/SAME70-examples,11,36,25,2,2,9,11
Intel-Media-SDK/MediaSDK,https://github.com/Intel-Media-SDK/MediaSDK,963,462,130,40,419,1947,2366
intel/FSP,https://github.com/IntelFsp/FSP,333,138,43,0,6,3,9
JeffyCN/meta-rockchip,https://github.com/JeffyCN/meta-rockchip,204,132,6,3,8,4,12
JetsonHacksNano/CSI-Camera,https://github.com/JetsonHacksNano/CSI-Camera,905,300,26,1,2,2,4
Joshua-Riek/u-boot-rockchip,https://github.com/Joshua-Riek/u-boot-rockchip,8,5,0,0,0,0,0
Junaidk11/Adesto_External_Flash,https://github.com/Junaidk11/Adesto_External_Flash,0,0,0,0,0,0,0
JustEnoughLinuxOS/rk3566-x55-kernel,https://github.com/JustEnoughLinuxOS/rk3566-x55-kernel,5,11,0,0,0,0,0
JustEnoughLinuxOS/rk3566-x55-uboot,https://github.com/JustEnoughLinuxOS/rk3566-x55-uboot,2,5,0,0,0,0,0
JustEnoughLinuxOS/rk356x-uboot,https://github.com/JustEnoughLinuxOS/rk356x-uboot,4,14,0,0,0,1,1
libdriver/sx1262,https://github.com/LibDriver/SX1262,102,8,3,0,0,7,7
libdriver/bmp390,https://github.com/LibDriver/bmp390,31,10,1,0,2,26,28
libdriver/mpu9250,https://github.com/LibDriver/mpu9250,309,125,2,0,0,23,23
libdriver/ms5611,https://github.com/LibDriver/ms5611,46,16,0,0,0,8,8
LibreELEC/LibreELEC.tv,https://github.com/LibreELEC/LibreELEC.tv,2682,1181,28,31,802,9513,10315
LibreELEC/amlogic-boot-fip,https://github.com/LibreELEC/amlogic-boot-fip,58,62,0,3,3,25,28
LibreELEC/linux-amlogic,https://github.com/LibreELEC/linux-amlogic,53,70,0,0,30,91,121
LineageOS/android_device_amlogic_gx-common,https://github.com/LineageOS/android_device_amlogic_gx-common,2,3,0,0,0,0,0
LooUQ/LooUQ_LTEmC,https://github.com/LooUQ/LooUQ_LTEmC,4,0,0,0,0,5,5
Lora-net/LoRaMac-node,https://github.com/Lora-net/LoRaMac-node,1976,1101,48,12,105,102,207
Lora-net/sx126x_driver,https://github.com/Lora-net/sx126x_driver,165,48,1,0,1,0,1
MaJerle/lwcell,https://github.com/MaJerle/lwcell,469,168,21,1,4,11,15
MaJerle/stm32-cube-cmake-vscode,https://github.com/MaJerle/stm32-cube-cmake-vscode,693,66,2,0,2,6,8
MaJerle/stm32f429,https://github.com/MaJerle/stm32f429,2444,1366,7,0,4,6,10
MarkAYoder/c6run_build,https://github.com/MarkAYoder/c6run_build,3,2,0,0,0,0,0
MarvellEmbeddedProcessors/dao,https://github.com/MarvellEmbeddedProcessors/dao,12,4,0,1,0,0,0
MarvellEmbeddedProcessors/linux-marvell,https://github.com/MarvellEmbeddedProcessors/linux-marvell,98,70,12,4,4,1,5
MarvellEmbeddedProcessors/marvell-dpdk,https://github.com/MarvellEmbeddedProcessors/marvell-dpdk,0,3,0,0,6,8,14
MarvellEmbeddedProcessors/marvell-dpdk-sdk,https://github.com/MarvellEmbeddedProcessors/marvell-dpdk-sdk,8,0,0,0,0,0,0
MarvellEmbeddedProcessors/marvell-octeon-roc,https://github.com/MarvellEmbeddedProcessors/marvell-octeon-roc,7,2,0,0,4,15,19
MarvellEmbeddedProcessors/pcie_ep_octeon_host,https://github.com/MarvellEmbeddedProcessors/pcie_ep_octeon_host,6,5,2,0,1,1,2
MarvellEmbeddedProcessors/pcie_ep_octeon_target,https://github.com/MarvellEmbeddedProcessors/pcie_ep_octeon_target,1,3,0,0,1,3,4
MarvellEmbeddedProcessors/u-boot-marvell,https://github.com/MarvellEmbeddedProcessors/u-boot-marvell,66,75,13,7,3,1,4
Maxul/TMS320C6678-Raw-Ethernet-Driver,https://github.com/Maxul/TMS320C6678-Raw-Ethernet-Driver,2,0,0,0,0,0,0
McNeight/CAN_Library,https://github.com/McNeight/CAN_Library,96,43,10,0,0,4,4
MentorEmbedded/meta-arago,https://github.com/MentorEmbedded/meta-arago,1,9,0,0,2,13,15
Microchip-MPLAB-Harmony/bsp,https://github.com/Microchip-MPLAB-Harmony/bsp,5,7,1,1,1,0,1
Microchip-MPLAB-Harmony/classb_sam_e70_s70_v70_v71,https://github.com/Microchip-MPLAB-Harmony/classb_sam_e70_s70_v70_v71,0,0,0,0,0,0,0
Microchip-MPLAB-Harmony/core,https://github.com/Microchip-MPLAB-Harmony/core,17,13,20,2,2,0,2
Microchip-MPLAB-Harmony/core_apps_sam_e70_s70_v70_v71,https://github.com/Microchip-MPLAB-Harmony/core_apps_sam_e70_s70_v70_v71,4,2,0,0,0,0,0
Microchip-MPLAB-Harmony/csp_apps_sam_e70_s70_v70_v71,https://github.com/Microchip-MPLAB-Harmony/csp_apps_sam_e70_s70_v70_v71,10,8,3,0,0,0,0
Microchip-MPLAB-Harmony/dev_packs,https://github.com/Microchip-MPLAB-Harmony/dev_packs,14,9,5,2,0,0,0
Microchip-MPLAB-Harmony/gfx,https://github.com/Microchip-MPLAB-Harmony/gfx,20,17,36,3,2,0,2
Microchip-MPLAB-Harmony/gfx_apps_sam_e70_s70_v70_v71,https://github.com/Microchip-MPLAB-Harmony/gfx_apps_sam_e70_s70_v70_v71,1,1,0,0,0,0,0
Microchip-MPLAB-Harmony/mc_apps_sam_e7x_s7x_v7x,https://github.com/Microchip-MPLAB-Harmony/mc_apps_sam_e7x_s7x_v7x,5,5,1,0,0,0,0
Microchip-MPLAB-Harmony/net,https://github.com/Microchip-MPLAB-Harmony/net,54,12,8,0,3,0,3
Microchip-MPLAB-Harmony/net_apps_sam_e70_v71,https://github.com/Microchip-MPLAB-Harmony/net_apps_sam_e70_v71,4,2,2,0,0,0,0
Microchip-MPLAB-Harmony/wireless_ble,https://github.com/Microchip-MPLAB-Harmony/wireless_ble,0,0,0,0,0,0,0
MicrochipTech/fpga-hls-libraries,https://github.com/MicrochipTech/fpga-hls-libraries,13,4,0,0,3,26,29
microsoft/Windows-driver-samples,https://github.com/Microsoft/Windows-Driver-Samples,7634,5026,38,82,125,537,662
microsoft/Windows-driver-samples,https://github.com/Microsoft/Windows-driver-samples,7634,5026,38,82,125,537,662
MiguelAgueda/MPU6050,https://github.com/MiguelAgueda/MPU6050,3,0,0,0,0,0,0
MimiHearingTechnologies/tflite-micro-xtensa,https://github.com/MimiHearingTechnologies/tflite-micro-xtensa,0,1,0,0,0,0,0
MotorolaMobilityLLC/kernel-mtk,https://github.com/MotorolaMobilityLLC/kernel-mtk,134,99,22,0,2,3,5
NCAR/sm750fb_centos8,https://github.com/NCAR/sm750fb_centos8,0,0,0,0,0,1,1
NVIDIA-AI-IOT/deepstream_python_apps,https://github.com/NVIDIA-AI-IOT/deepstream_python_apps,1786,534,0,8,10,0,10
NVIDIA-AI-IOT/deepstream_reference_apps,https://github.com/NVIDIA-AI-IOT/deepstream_reference_apps,1287,363,0,14,4,1,5
NVIDIA-AI-IOT/jetbot,https://github.com/NVIDIA-AI-IOT/jetbot,3220,1053,50,14,32,87,119
NVIDIA-AI-IOT/jetson-cloudnative-demo,https://github.com/NVIDIA-AI-IOT/jetson-cloudnative-demo,196,44,7,0,0,0,0
NVIDIA-AI-IOT/jetson_benchmarks,https://github.com/NVIDIA-AI-IOT/jetson_benchmarks,400,75,23,2,1,2,3
NVIDIA-AI-IOT/torch2trt,https://github.com/NVIDIA-AI-IOT/torch2trt,4855,697,299,44,48,124,172
NVIDIA-ISAAC-ROS/isaac_ros_common,https://github.com/NVIDIA-ISAAC-ROS/isaac_ros_common,289,209,58,13,23,49,72
NVIDIA/CUDALibrarySamples,https://github.com/NVIDIA/CUDALibrarySamples,2317,448,54,0,30,9,39
NVIDIA/TensorRT,https://github.com/NVIDIA/TensorRT,12694,2315,515,55,157,307,464
NVIDIA/cuda-python,https://github.com/NVIDIA/cuda-python,3161,245,212,29,113,732,845
NVIDIA/cuda-samples,https://github.com/NVIDIA/cuda-samples,8850,2269,66,35,21,25,46
NVIDIA/edk2-nvidia,https://github.com/NVIDIA/edk2-nvidia,125,57,20,6,23,61,84
NVIDIA/jetson-gpio,https://github.com/NVIDIA/jetson-gpio,1043,266,1,3,14,13,27
NVIDIA/nvidia-container-toolkit,https://github.com/NVIDIA/nvidia-container-toolkit,4078,478,86,17,172,789,961
NVIDIA/open-gpu-kernel-modules,https://github.com/NVIDIA/open-gpu-kernel-modules,16712,1582,238,52,116,11,127
nxp-appcodehub/an-dsp_for_lpc553x_using_pq,https://github.com/NXP-AppCodeHub/an-dsp_for_lpc553x_using_pq,0,1,0,0,0,0,0
nxp-mcuxpresso/mcux-freertos-drivers,https://github.com/NXP-MCUXpresso/mcux-freertos-drivers,1,0,1,0,0,0,0
nxp-mcuxpresso/mcuxsdk-core,https://github.com/NXP-MCUXpresso/mcuxsdk-core,23,11,4,2,6,0,6
nxp-mcuxpresso/mcuxsdk-examples,https://github.com/NXP-MCUXpresso/mcuxsdk-examples,16,6,3,1,0,0,0
nxp-mcuxpresso/legacy-mcux-sdk,https://github.com/NXPmicro/mcux-sdk,395,154,33,14,25,82,107
NordicPlayground/nRF52-Bluetooth-Course,https://github.com/NordicPlayground/nRF52-Bluetooth-Course,197,52,3,2,0,0,0
NordicSemiconductor/ble-sdk-arduino,https://github.com/NordicSemiconductor/ble-sdk-arduino,248,96,12,7,5,0,5
NordicSemiconductor/nRF5-SDK-for-Mesh,https://github.com/NordicSemiconductor/nRF5-SDK-for-Mesh,155,83,0,5,8,0,8
NordicSemiconductor/nrfx,https://github.com/NordicSemiconductor/nrfx,296,158,10,5,32,37,69
NordicSemiconductor/pc-ble-driver,https://github.com/NordicSemiconductor/pc-ble-driver,287,144,0,3,14,194,208
OE4T/linux-tegra-5.10,https://github.com/OE4T/linux-tegra-5.10,31,35,5,0,4,5,9
OE4T/meta-tegra,https://github.com/OE4T/meta-tegra,522,280,24,6,129,722,851
OP-TEE/optee_os,https://github.com/OP-TEE/optee_os,1832,1177,31,26,866,3670,4536
ObKo/stm32-cmake,https://github.com/ObKo/stm32-cmake,1337,356,33,14,50,137,187
Open-Agriculture/AgIsoStack-plus-plus,https://github.com/Open-Agriculture/AgIsoStack-plus-plus,331,84,30,17,13,414,427
Open-CMSIS-Pack/CMSIS-Driver_STM32,https://github.com/Open-CMSIS-Pack/CMSIS-Driver_STM32,22,10,0,0,3,13,16
Open-CMSIS-Pack/STM32H7xx_DFP,https://github.com/Open-CMSIS-Pack/STM32H7xx_DFP,5,2,0,0,0,3,3
OpenAutomationTechnologies/openPOWERLINK_V2,https://github.com/OpenAutomationTechnologies/openPOWERLINK_V2,161,103,17,3,285,9,294
OpenCyphal/libcanard,https://github.com/OpenCyphal/libcanard,409,211,4,0,19,120,139
Oreoluwa-IVT/Texas-Instrument-MSP430FR,https://github.com/Oreoluwa-IVT/Texas-Instrument-MSP430FR,0,0,0,0,0,0,0
Oryx-Embedded/CycloneTCP,https://github.com/Oryx-Embedded/CycloneTCP,194,79,24,1,1,0,1
OscarM-Dev/AUTOSAR_MCAL_S32K144,https://github.com/OscarM-Dev/AUTOSAR_MCAL_S32K144,1,0,0,0,0,0,0
PX4/PX4-Autopilot,https://github.com/PX4/Firmware,11089,15065,1188,553,4163,13292,17455
PX4/NuttX,https://github.com/PX4/NuttX,162,248,10,25,105,212,317
PX4/NuttX-apps,https://github.com/PX4/NuttX-apps,29,95,2,1,7,12,19
PX4/PX4-Autopilot,https://github.com/PX4/PX4-Autopilot,11089,15065,1188,553,4163,13292,17455
PX4/PX4-Bootloader,https://github.com/PX4/PX4-Bootloader,300,564,0,0,54,147,201
PX4/PX4-GPSDrivers,https://github.com/PX4/PX4-GPSDrivers,102,221,12,11,21,137,158
PX4/PX4-SITL_gazebo-classic,https://github.com/PX4/PX4-SITL_gazebo-classic,440,836,87,13,158,518,676
PX4/PX4-Avoidance,https://github.com/PX4/avoidance,720,346,95,6,54,349,403
PaulStoffregen/SPI,https://github.com/PaulStoffregen/SPI,149,131,11,6,8,34,42
PersonalTransport/LIN,https://github.com/PersonalTransport/LIN,10,2,20,0,0,0,0
Peter-Herrmann/SAME70-FreeRTOS-Plus-TCP,https://github.com/Peter-Herrmann/SAME70-FreeRTOS-Plus-TCP,5,0,0,0,0,5,5
PiBoxY/msp430ware,https://github.com/PiBoxY/msp430ware,3,1,0,0,0,0,0
PionixPublic/ti-am62x-evse-sdk,https://github.com/PionixPublic/ti-am62x-evse-sdk,12,6,0,3,1,2,3
PowerBroker2/ELMduino,https://github.com/PowerBroker2/ELMduino,852,140,12,0,4,38,42
qgroundcontrol/qgroundcontrol,https://github.com/QGroundControl/qgroundcontrol,0,3,0,0,0,0,0
QuickSpot/walter-arduino,https://github.com/QuickSpot/walter-arduino,36,22,14,3,6,76,82
R-onit/cortex-m-baremetal-gcc-openocd,https://github.com/R-onit/cortex-m-baremetal-gcc-openocd,5,1,0,0,0,0,0
RAKWireless/RAK12033-IIM42652,https://github.com/RAKWireless/RAK12033-IIM42652,2,1,1,0,0,0,0
RT-Thread-Studio/sdk-bsp-stm32mp157a-st-ev1,https://github.com/RT-Thread-Studio/sdk-bsp-stm32mp157a-st-ev1,2,0,0,0,0,2,2
RT-Thread/rt-thread,https://github.com/RT-Thread/rt-thread,11779,5351,326,90,2122,7135,9257
RT-Thread/rtthread-apps,https://github.com/RT-Thread/rtthread-apps,97,55,1,0,1,5,6
RapidIO/rapidio_sw,https://github.com/RapidIO/rapidio_sw,4,0,16,0,6,29,35
Raziz1/Hands-On-FreeRTOS,https://github.com/Raziz1/Hands-On-FreeRTOS,7,4,0,0,0,0,0
Real-Thread/bsp_tricore,https://github.com/Real-Thread/bsp_tricore,23,10,2,0,3,10,13
renesas/hal_renesas,https://github.com/Renesas/hal_renesas,0,2,0,0,0,0,0
RobTillaart/L9110,https://github.com/RobTillaart/L9110,1,0,0,0,0,0,0
RobertCNelson/u-boot,https://github.com/RobertCNelson/u-boot,88,83,0,0,7,0,7
Ryudas/ICM20649-library,https://github.com/Ryudas/ICM20649-library,1,1,0,0,0,0,0
SDibla/Cortex-M4-MCP2517FD_Driver,https://github.com/SDibla/Cortex-M4-MCP2517FD_Driver,6,4,0,0,0,0,0
SENSING-Technology/nvidia-jetson-camera-drivers,https://github.com/SENSING-Technology/nvidia-jetson-camera-drivers,43,8,1,1,0,0,0
STM32World/stm32fun,https://github.com/STM32World/stm32fun,38,14,0,0,0,3,3
STMicroelectronics/Mp1AmpSTSDK_Python,https://github.com/STMicroelectronics/Mp1AmpSTSDK_Python,2,3,0,0,1,0,1
STMicroelectronics/OpenOCD,https://github.com/STMicroelectronics/OpenOCD,181,48,19,4,5,0,5
STMicroelectronics/STM32CubeF0,https://github.com/STMicroelectronics/STM32CubeF0,180,65,0,0,1,0,1
STMicroelectronics/STM32CubeF4,https://github.com/STMicroelectronics/STM32CubeF4,1188,471,2,0,34,6,40
STMicroelectronics/STM32CubeF7,https://github.com/STMicroelectronics/STM32CubeF7,381,206,3,0,17,3,20
STMicroelectronics/STM32CubeH7,https://github.com/STMicroelectronics/STM32CubeH7,703,356,7,0,35,8,43
STMicroelectronics/STM32CubeH7RS,https://github.com/STMicroelectronics/STM32CubeH7RS,41,7,0,0,0,0,0
STMicroelectronics/STM32CubeL4,https://github.com/STMicroelectronics/STM32CubeL4,325,168,3,1,11,3,14
STMicroelectronics/STM32CubeMP1,https://github.com/STMicroelectronics/STM32CubeMP1,111,63,0,3,17,0,17
STMicroelectronics/STM32CubeMP13,https://github.com/STMicroelectronics/STM32CubeMP13,25,10,4,0,0,0,0
STMicroelectronics/STM32Cube_MCU_Overall_Offer,https://github.com/STMicroelectronics/STM32Cube_MCU_Overall_Offer,696,108,0,0,2,3,5
STMicroelectronics/STM32MPU_EmbSW_Overall_Offer,https://github.com/STMicroelectronics/STM32MPU_EmbSW_Overall_Offer,117,36,0,0,1,0,1
STMicroelectronics/arm-trusted-firmware,https://github.com/STMicroelectronics/arm-trusted-firmware,40,59,0,0,12,0,12
STMicroelectronics/asm330lhb-pid,https://github.com/STMicroelectronics/asm330lhb-pid,3,1,0,0,0,0,0
STMicroelectronics/asm330lhh-pid,https://github.com/STMicroelectronics/asm330lhh-pid,13,3,2,0,0,0,0
STMicroelectronics/cmsis-device-f0,https://github.com/STMicroelectronics/cmsis-device-f0,13,10,0,0,2,1,3
STMicroelectronics/cmsis-device-f4,https://github.com/STMicroelectronics/cmsis-device-f4,118,38,0,0,5,0,5
STMicroelectronics/cmsis-device-f7,https://github.com/STMicroelectronics/cmsis-device-f7,15,7,0,0,0,1,1
STMicroelectronics/cmsis-device-h7,https://github.com/STMicroelectronics/cmsis-device-h7,40,26,1,0,3,0,3
STMicroelectronics/cmsis-core,https://github.com/STMicroelectronics/cmsis_core,64,23,0,0,0,0,0
STMicroelectronics/devicetree-addons,https://github.com/STMicroelectronics/devicetree-addons,0,1,0,0,0,0,0
STMicroelectronics/dt-stm32mp,https://github.com/STMicroelectronics/dt-stm32mp,3,1,0,0,0,0,0
STMicroelectronics/linux,https://github.com/STMicroelectronics/linux,123,110,0,1,33,0,33
STMicroelectronics/meta-st-openstlinux,https://github.com/STMicroelectronics/meta-st-openstlinux,117,43,0,0,14,1,15
STMicroelectronics/meta-st-py3-ext,https://github.com/STMicroelectronics/meta-st-py3-ext,1,1,0,0,0,1,1
STMicroelectronics/meta-st-stm32mp,https://github.com/STMicroelectronics/meta-st-stm32mp,166,118,0,8,99,2,101
STMicroelectronics/meta-st-stm32mp-oss,https://github.com/STMicroelectronics/meta-st-stm32mp-oss,9,3,0,0,0,0,0
STMicroelectronics/optee_os,https://github.com/STMicroelectronics/optee_os,13,25,0,0,3,0,3
STMicroelectronics/stm32-dp83848,https://github.com/STMicroelectronics/stm32-dp83848,13,1,0,0,0,0,0
STMicroelectronics/stm32-external-loader,https://github.com/STMicroelectronics/stm32-external-loader,172,87,8,6,11,1,12
STMicroelectronics/stm32-mw-freertos,https://github.com/STMicroelectronics/stm32-mw-freertos,30,13,0,0,0,0,0
STMicroelectronics/stm32-mw-openbl,https://github.com/STMicroelectronics/stm32-mw-openbl,272,56,0,0,0,0,0
STMicroelectronics/stm32-rtl8211,https://github.com/STMicroelectronics/stm32-rtl8211,4,0,0,0,0,0,0
STMicroelectronics/stm32-usbx-examples,https://github.com/STMicroelectronics/stm32-usbx-examples,34,4,1,0,0,0,0
STMicroelectronics/stm32-mw-freertos,https://github.com/STMicroelectronics/stm32_mw_freertos,30,13,0,0,0,0,0
STMicroelectronics/stm32f0xx-hal-driver,https://github.com/STMicroelectronics/stm32f0xx-hal-driver,22,18,1,0,3,1,4
STMicroelectronics/stm32f1xx-hal-driver,https://github.com/STMicroelectronics/stm32f1xx-hal-driver,104,39,1,0,2,1,3
STMicroelectronics/stm32f4xx-hal-driver,https://github.com/STMicroelectronics/stm32f4xx-hal-driver,177,71,0,1,5,6,11
STMicroelectronics/stm32f7xx-hal-driver,https://github.com/STMicroelectronics/stm32f7xx-hal-driver,36,18,1,0,5,3,8
STMicroelectronics/stm32g4xx-hal-driver,https://github.com/STMicroelectronics/stm32g4xx-hal-driver,37,18,1,0,5,5,10
STMicroelectronics/stm32h5xx-hal-driver,https://github.com/STMicroelectronics/stm32h5xx-hal-driver,14,11,1,1,3,2,5
STMicroelectronics/stm32h743i-eval-bsp,https://github.com/STMicroelectronics/stm32h743i-eval-bsp,1,2,0,0,0,0,0
STMicroelectronics/stm32h747i-disco-bsp,https://github.com/STMicroelectronics/stm32h747i-disco-bsp,12,7,1,0,4,1,5
STMicroelectronics/stm32h7rsxx-hal-driver,https://github.com/STMicroelectronics/stm32h7rsxx-hal-driver,6,5,1,0,0,0,0
STMicroelectronics/stm32h7s78-dk-bsp,https://github.com/STMicroelectronics/stm32h7s78-dk-bsp,5,2,0,0,0,0,0
STMicroelectronics/stm32h7xx-hal-driver,https://github.com/STMicroelectronics/stm32h7xx-hal-driver,139,58,8,1,8,5,13
STMicroelectronics/stm32h7xx-nucleo-bsp,https://github.com/STMicroelectronics/stm32h7xx-nucleo-bsp,3,3,0,0,0,0,0
STMicroelectronics/stm32l4xx-hal-driver,https://github.com/STMicroelectronics/stm32l4xx-hal-driver,59,20,1,0,1,1,2
STMicroelectronics/stm32l5xx-hal-driver,https://github.com/STMicroelectronics/stm32l5xx-hal-driver,8,8,0,0,1,0,1
STMicroelectronics/stm32mp13xx_hal_driver,https://github.com/STMicroelectronics/stm32mp13xx_hal_driver,3,1,1,0,0,0,0
STMicroelectronics/stm32u0xx-hal-driver,https://github.com/STMicroelectronics/stm32u0xx-hal-driver,4,3,0,0,0,0,0
STMicroelectronics/stm32u3xx-hal-driver,https://github.com/STMicroelectronics/stm32u3xx-hal-driver,2,0,1,0,0,0,0
STMicroelectronics/stm32u5xx-hal-driver,https://github.com/STMicroelectronics/stm32u5xx-hal-driver,24,18,1,0,2,2,4
STMicroelectronics/stm32wl-openbl-apps,https://github.com/STMicroelectronics/stm32wl-openbl-apps,13,1,1,0,0,0,0
STMicroelectronics/u-boot,https://github.com/STMicroelectronics/u-boot,72,85,0,1,4,0,4
STMicroelectronics/x-cube-freertos,https://github.com/STMicroelectronics/x-cube-freertos,31,3,4,0,0,0,0
Saurab17/cortex_m4_template,https://github.com/Saurab17/cortex_m4_template,2,0,0,0,0,0,0
Seeed-Studio/Adafruit_nRF52_Arduino,https://github.com/Seeed-Studio/Adafruit_nRF52_Arduino,29,20,0,1,0,11,11
Seeed-Studio/Grove_3_Axis_Compass_V2.0_BMM150,https://github.com/Seeed-Studio/Grove_3_Axis_Compass_V2.0_BMM150,15,6,0,0,2,0,2
Seeed-Studio/Seeed_Arduino_CAN,https://github.com/Seeed-Studio/Seeed_Arduino_CAN,901,450,0,0,6,56,62
Sensirion/embedded-common,https://github.com/Sensirion/embedded-common/tree/master/i2c,33,17,2,0,13,82,95
ShawnHymel/introduction-to-zephyr,https://github.com/ShawnHymel/introduction-to-zephyr,151,65,2,1,1,3,4
SiliconLabsSoftware/bluetooth_applications,https://github.com/SiliconLabsSoftware/bluetooth_applications,113,63,0,0,3,0,3
SingleTact/MSP430,https://github.com/SingleTact/MSP430,1,0,0,0,0,0,0
SoftEtherVPN/SoftEtherVPN,https://github.com/SoftEtherVPN/SoftEtherVPN,12984,2746,267,20,91,790,881
SpinalHDL/VexRiscv,https://github.com/SpinalHDL/VexRiscv,3013,486,116,6,12,94,106
TCLOpenSource/mt9653,https://github.com/TCLOpenSource/mt9653,16,5,2,0,0,0,0
TEConnectivity/MS5611_Generic_C_Driver,https://github.com/TEConnectivity/MS5611_Generic_C_Driver,4,1,0,1,0,0,0
TannerGilbert/Jetson-Nano-Code-Collection,https://github.com/TannerGilbert/Jetson-Nano-Code-Collection,13,5,0,0,5,3,8
TechNexion-Vision/TEV-Jetson_Camera_driver,https://github.com/TechNexion-Vision/TEV-Jetson_Camera_driver,10,2,0,0,0,1,1
TechNexion/meta-tn-imx-bsp,https://github.com/TechNexion/meta-tn-imx-bsp,9,10,4,1,3,5,8
TexasInstruments/buildroot-external-TI,https://github.com/TexasInstruments/buildroot-external-TI,7,6,2,1,0,32,32
TexasInstruments/edgeai,https://github.com/TexasInstruments/edgeai,158,18,0,0,0,0,0
TexasInstruments/edgeai-gst-plugins,https://github.com/TexasInstruments/edgeai-gst-plugins,24,9,22,3,32,261,293
TexasInstruments/edgeai-modelzoo,https://github.com/TexasInstruments/edgeai-modelzoo,0,0,7,0,0,0,0
TexasInstruments/edgeai-tidl-tools,https://github.com/TexasInstruments/edgeai-tidl-tools,178,43,43,6,0,2,2
TexasInstruments/edgeai-tiovx-apps,https://github.com/TexasInstruments/edgeai-tiovx-apps,8,9,2,0,6,105,111
TexasInstruments/edgeai-tiovx-modules,https://github.com/TexasInstruments/edgeai-tiovx-modules,8,8,1,4,13,75,88
TexasInstruments/mcupsdk-core,https://github.com/TexasInstruments/mcupsdk-core,62,28,0,12,8,11,19
TexasInstruments/mcupsdk-core-k3,https://github.com/TexasInstruments/mcupsdk-core-k3,13,10,1,1,5,16,21
TexasInstruments/mcupsdk-rm-pm-hal,https://github.com/TexasInstruments/mcupsdk-rm-pm-hal,1,2,0,0,0,0,0
TexasInstruments/meta-ti,https://github.com/TexasInstruments/meta-ti,3,2,0,0,1,0,1
TexasInstruments/meta-tisdk,https://github.com/TexasInstruments/meta-tisdk,3,16,0,3,138,6,144
TexasInstruments/processor-sdk-doc,https://github.com/TexasInstruments/processor-sdk-doc,30,79,13,15,60,529,589
TexasInstruments/ti-apps-launcher,https://github.com/TexasInstruments/ti-apps-launcher,1,11,0,0,2,82,84
TexasInstruments/ti-linux-firmware,https://github.com/TexasInstruments/ti-linux-firmware,3,3,0,0,0,0,0
TexasInstruments/ti-linux-kernel,https://github.com/TexasInstruments/ti-linux-kernel,8,8,0,1,0,0,0
TexasInstruments/ti-lvgl-demo,https://github.com/TexasInstruments/ti-lvgl-demo,0,5,0,0,0,4,4
TexasInstruments/ti-u-boot,https://github.com/TexasInstruments/ti-u-boot,2,2,0,0,0,0,0
TheThingsNetwork/lorawan-devices,https://github.com/TheThingsNetwork/lorawan-devices,235,448,15,16,230,643,873
ThibaudetTevai/RH850U2A8-MSPI-TX-RX-with-DMA,https://github.com/ThibaudetTevai/RH850U2A8-MSPI-TX-RX-with-DMA,1,1,0,0,1,0,1
UncleRus/esp-idf-lib,https://github.com/UncleRus/esp-idf-lib,1599,481,1,2,61,296,357
VC-MIPI-modules/vc_mipi_nvidia,https://github.com/VC-MIPI-modules/vc_mipi_nvidia,120,45,107,3,8,8,16
Velleman/VM204-Firmware,https://github.com/Velleman/VM204-Firmware,6,4,0,0,0,0,0
WIZnet-ioNIC/WIZnet-PICO-FREERTOS-C,https://github.com/WIZnet-ioNIC/WIZnet-PICO-FREERTOS-C,8,5,2,0,0,1,1
Wind-River/vxw7-bsp-ti-sitara-am654x,https://github.com/Wind-River/vxw7-bsp-ti-sitara-am654x,5,4,0,0,0,2,2
Wind-River/vxworks7-layer-for-ros2,https://github.com/Wind-River/vxworks7-layer-for-ros2,22,10,0,0,0,20,20
Wind-River/vxworks7-ros2-build,https://github.com/Wind-River/vxworks7-ros2-build,112,28,7,1,5,69,74
WindRiver-Labs/nxp-s32g,https://github.com/WindRiver-Labs/nxp-s32g,7,1,0,0,0,0,0
Xilinx-Wiki-Projects/Video-Example-Designs,https://github.com/Xilinx-Wiki-Projects/Video-Example-Designs,8,5,0,0,0,0,0
Xilinx/Embedded-Design-Tutorials,https://github.com/Xilinx/Embedded-Design-Tutorials,158,66,10,0,2,54,56
Xilinx/PYNQ,https://github.com/Xilinx/PYNQ,2273,856,17,9,143,904,1047
Xilinx/PetaLinux,https://github.com/Xilinx/PetaLinux,17,8,3,3,1,0,1
Xilinx/SDKOpenGLES,https://github.com/Xilinx/SDKOpenGLES,18,13,2,0,4,1,5
Xilinx/Vitis-Tutorials,https://github.com/Xilinx/Vitis-Tutorials,1529,606,18,1,57,166,223
Xilinx/Vitis_Embedded_Platform_Source,https://github.com/Xilinx/Vitis_Embedded_Platform_Source,137,79,12,1,2,11,13
Xilinx/Vitis_Libraries,https://github.com/Xilinx/Vitis_Libraries,1069,399,0,13,6,1,7
Xilinx/Vivado-Design-Tutorials,https://github.com/Xilinx/Vivado-Design-Tutorials,250,88,4,0,1,25,26
Xilinx/arm-trusted-firmware,https://github.com/Xilinx/arm-trusted-firmware,35,35,0,0,5,0,5
Xilinx/dma_ip_drivers,https://github.com/Xilinx/dma_ip_drivers,763,507,176,65,45,27,72
Xilinx/embeddedsw,https://github.com/Xilinx/embeddedsw,1145,1132,229,51,41,0,41
Xilinx/embeddedsw,https://github.com/Xilinx/embeddedsw/tree/master/XilinxProcessorIPLib/drivers/canfd,1145,1132,229,51,41,0,41
Xilinx/hdmi-modules,https://github.com/Xilinx/hdmi-modules,46,26,4,1,0,0,0
Xilinx/linux-xlnx,https://github.com/Xilinx/linux-xlnx,1521,1609,0,2,88,1,89
Xilinx/meta-amd-adaptive-socs,https://github.com/Xilinx/meta-amd-adaptive-socs,2,0,0,0,0,0,0
Xilinx/meta-petalinux,https://github.com/Xilinx/meta-petalinux,100,50,25,6,1,0,1
Xilinx/meta-xilinx,https://github.com/Xilinx/meta-xilinx,168,148,0,24,41,8,49
Xilinx/meta-xilinx-tools,https://github.com/Xilinx/meta-xilinx-tools,66,54,8,6,13,2,15
Xilinx/pcie-model,https://github.com/Xilinx/pcie-model,72,19,1,0,1,0,1
Xilinx/pcie_qdma_ats_example,https://github.com/Xilinx/pcie_qdma_ats_example,27,7,0,0,0,0,0
Xilinx/system-device-tree-xlnx,https://github.com/Xilinx/system-device-tree-xlnx,26,11,3,3,1,0,1
Xilinx/u-boot-xlnx,https://github.com/Xilinx/u-boot-xlnx,671,843,0,2,42,1,43
YoeDistro/meta-intel,https://github.com/YoeDistro/meta-intel,19,18,12,1,3,1,4
YoeDistro/meta-openembedded,https://github.com/YoeDistro/meta-openembedded,2,0,0,0,0,0,0
YogeshwaranP-05/Arduino-L298N-Motor-Driver,https://github.com/YogeshwaranP-05/Arduino-L298N-Motor-Driver,1,0,0,0,0,0,0
YuzukiHD/FreeRTOS-HIFI4-DSP,https://github.com/YuzukiHD/FreeRTOS-HIFI4-DSP,59,18,0,0,0,0,0
adafruit/Adafruit_BMP3XX,https://github.com/adafruit/Adafruit_BMP3XX,31,33,2,1,3,11,14
adafruit/Adafruit_BNO08x,https://github.com/adafruit/Adafruit_BNO08x,75,27,11,1,0,10,10
adafruit/Adafruit_ICM20X,https://github.com/adafruit/Adafruit_ICM20X,29,26,5,1,1,11,12
adafruit/Adafruit_MPU6050,https://github.com/adafruit/Adafruit_MPU6050,160,72,7,4,1,14,15
adafruit/Adafruit_nRF52_Arduino,https://github.com/adafruit/Adafruit_nRF52_Arduino,682,551,72,15,61,273,334
adafruit/circuitpython,https://github.com/adafruit/circuitpython,4475,1376,840,25,589,5552,6141
adamdunkels/uip,https://github.com/adamdunkels/uip,1067,368,5,0,2,0,2
adestotechnologies/Flash-Drivers,https://github.com/adestotechnologies/Flash-Drivers,9,7,2,0,0,0,0
adki/gen_amba_2021,https://github.com/adki/gen_amba_2021,238,61,1,0,0,0,0
agherzan/meta-raspberrypi,https://github.com/agherzan/meta-raspberrypi,655,465,114,19,172,767,939
ahessling/STM32F4Template,https://github.com/ahessling/STM32F4Template,47,13,0,0,0,3,3
ahmed192a/Adaptive-Autosar,https://github.com/ahmed192a/Adaptive-Autosar,7,0,3,0,12,24,36
alexforencich/cocotbext-pcie,https://github.com/alexforencich/cocotbext-pcie,194,56,12,0,0,0,0
alexforencich/verilog-axi,https://github.com/alexforencich/verilog-axi,1960,524,55,11,5,0,5
alexforencich/verilog-axis,https://github.com/alexforencich/verilog-axis,860,266,17,6,7,1,8
alexforencich/verilog-ethernet,https://github.com/alexforencich/verilog-ethernet,2851,807,117,21,13,0,13
alexforencich/verilog-pcie,https://github.com/alexforencich/verilog-pcie,1538,391,38,3,3,2,5
alliedvision/linux_nvidia_jetson,https://github.com/alliedvision/linux_nvidia_jetson,116,43,36,2,2,0,2
altera-fpga/baremetal-drivers,https://github.com/altera-fpga/baremetal-drivers,2,3,0,0,0,2,2
altera-fpga/linux-socfpga,https://github.com/altera-fpga/linux-socfpga,277,309,0,14,21,3,24
altera-fpga/u-boot-socfpga,https://github.com/altera-fpga/u-boot-socfpga,116,150,0,10,9,0,9
analogdevicesinc/adrd2121_imu_ros,https://github.com/analogdevicesinc/adrd2121_imu_ros,0,0,0,0,0,1,1
andestech/buildroot,https://github.com/andestech/buildroot,1,0,0,0,0,0,0
andestech/libdsp,https://github.com/andestech/libdsp,18,3,2,0,1,0,1
andestech/linux,https://github.com/andestech/linux,1,2,0,0,0,0,0
andestech/meta-andes,https://github.com/andestech/meta-andes,16,3,0,0,0,1,1
andestech/nds-gnu-toolchain,https://github.com/andestech/nds-gnu-toolchain,28,19,8,0,0,0,0
andestech/nds-openocd,https://github.com/andestech/nds-openocd,6,3,0,0,2,0,2
andestech/opensbi,https://github.com/andestech/opensbi,1,4,0,0,0,0,0
andestech/uboot,https://github.com/andestech/uboot,3,4,0,0,0,0,0
antmicro/lpddr4-dram-controller-integration-soc,https://github.com/antmicro/lpddr4-dram-controller-integration-soc,4,3,0,0,0,0,0
apache/mynewt-nimble,https://github.com/apache/mynewt-nimble,852,475,126,115,148,1583,1731
apache/nuttx,https://github.com/apache/nuttx,3699,1485,639,98,1214,15515,16729
apache/nuttx-apps,https://github.com/apache/nuttx-apps,412,693,57,5,238,3009,3247
arduino-libraries/Arduino_BMI270_BMM150,https://github.com/arduino-libraries/Arduino_BMI270_BMM150,26,23,10,2,1,46,47
arduino-libraries/BNO055,https://github.com/arduino-libraries/BNO055,25,7,2,0,1,23,24
arduino-libraries/Ethernet,https://github.com/arduino-libraries/Ethernet,275,287,103,46,27,44,71
arduino-libraries/WiFi,https://github.com/arduino-libraries/WiFi,139,65,38,1,4,29,33
arduino/ArduinoCore-avr,https://github.com/arduino/ArduinoCore-avr,1447,1104,249,110,61,60,121
arduino/ArduinoCore-avr,https://github.com/arduino/ArduinoCore-avr/tree/master/libraries/Wire,1447,1104,249,110,61,60,121
arduino/ArduinoCore-renesas,https://github.com/arduino/ArduinoCore-renesas,176,104,75,26,40,257,297
armbian/build,https://github.com/armbian/build,5106,2861,98,59,886,6783,7669
armbian/linux-rockchip,https://github.com/armbian/linux-rockchip,407,426,14,5,56,330,386
astuder/icp-101xx,https://github.com/astuder/icp-101xx,28,11,1,0,0,4,4
atmel-maxtouch/linux,https://github.com/atmel-maxtouch/linux,43,59,0,0,7,6,13
atmel-maxtouch/maXTouch_linux,https://github.com/atmel-maxtouch/maXTouch_linux,16,29,1,0,9,45,54
atmel-maxtouch/mxt-app,https://github.com/atmel-maxtouch/mxt-app,52,58,18,1,12,81,93
autoas/as,https://github.com/autoas/as,847,277,1,0,2,1,3
automote/kicad-library,https://github.com/automote/kicad-library,42,22,0,0,5,32,37
avrxml/asf,https://github.com/avrxml/asf,161,104,9,0,1,0,1
bakialmaci/MSP430-EXAMPLES,https://github.com/bakialmaci/MSP430-EXAMPLES,25,3,0,0,0,1,1
bdx-iot/meta-stm32mp1,https://github.com/bdx-iot/meta-stm32mp1,5,6,0,0,2,47,49
beagleboard/beaglebone-ai-64,https://github.com/beagleboard/beaglebone-ai-64,11,2,0,0,0,0,0
beegee-tokyo/SX126x-Arduino,https://github.com/beegee-tokyo/SX126x-Arduino,273,78,0,0,6,18,24
bluekitchen/btstack,https://github.com/bluekitchen/btstack,2065,677,61,14,125,42,167
bolderflight/bmi088-arduino,https://github.com/bolderflight/bmi088-arduino,59,32,4,3,0,0,0
boschsensortec/BMI270_SensorAPI,https://github.com/boschsensortec/BMI270_SensorAPI,138,78,15,7,4,2,6
boschsensortec/BMM150_SensorAPI,https://github.com/boschsensortec/BMM150_SensorAPI,2,6,0,0,1,2,3
boschsensortec/BNO055_SensorAPI,https://github.com/boschsensortec/BNO055_SensorAPI,247,103,0,4,1,0,1
botletics/Botletics-SIM7000,https://github.com/botletics/Botletics-SIM7000,24,12,5,0,1,7,8
bouffalolab/arduino-bouffalo,https://github.com/bouffalolab/arduino-bouffalo,31,5,6,0,0,0,0
bouffalolab/bl602_sdio_driver,https://github.com/bouffalolab/bl602_sdio_driver,10,5,0,0,0,2,2
bouffalolab/bl808_linux,https://github.com/bouffalolab/bl808_linux,130,45,15,2,0,3,3
bouffalolab/bl_iot_sdk,https://github.com/bouffalolab/bl_iot_sdk,286,185,38,0,8,23,31
bouffalolab/blwnet_xram,https://github.com/bouffalolab/blwnet_xram,24,8,4,0,0,2,2
bouffalolab/bouffalo_drivers,https://github.com/bouffalolab/bouffalo_drivers,5,2,1,0,0,0,0
bouffalolab/bouffalo_isp,https://github.com/bouffalolab/bouffalo_isp,4,1,2,0,0,0,0
bouffalolab/bouffalo_sdk,https://github.com/bouffalolab/bouffalo_sdk,458,163,44,0,18,25,43
brektrou/rtl8821CU,https://github.com/brektrou/rtl8821CU,1719,467,118,14,11,31,42
brendan-w/python-OBD,https://github.com/brendan-w/python-OBD,1250,419,84,7,21,45,66
bri3d/TC1791_CAN_BSL,https://github.com/bri3d/TC1791_CAN_BSL,69,31,5,0,0,0,0
buttercutter/DDR,https://github.com/buttercutter/DDR,61,10,1,0,0,0,0
byronxu99/hdmi-led,https://github.com/byronxu99/hdmi-led,14,2,1,0,2,0,2
cantools/cantools,https://github.com/cantools/cantools,2197,624,95,28,58,271,329
ceph/ceph-csi,https://github.com/ceph/ceph-csi,1503,597,103,26,1036,3433,4469
Chalandi/Baremetal_esp32s3_nosdk,https://github.com/chalandi/Baremetal_esp32s3_nosdk,25,2,1,0,0,0,0
chanchanchan97/Renesas-RH850,https://github.com/chanchanchan97/Renesas-RH850,0,6,0,0,0,0,0
chandrawi/LoRaRF-Arduino,https://github.com/chandrawi/LoRaRF-Arduino,77,19,17,2,0,4,4
chintal/msp430-driverlib,https://github.com/chintal/msp430-driverlib,0,0,0,0,0,1,1
circuitdojo/nrf9160-feather-examples-and-drivers,https://github.com/circuitdojo/nrf9160-feather-examples-and-drivers,52,31,0,0,2,8,10
codeauroraforum/quic-la-platform-vendor-qcom-opensource-wlan-qcacld-2.0,https://github.com/codeauroraforum/quic-la-platform-vendor-qcom-opensource-wlan-qcacld-2.0,4,8,0,0,2,0,2
commaai/opendbc,https://github.com/commaai/opendbc,2936,1766,154,107,749,1836,2585
coreboot/coreboot,https://github.com/coreboot/coreboot,2594,596,0,1,37,0,37
cpq/bare-metal-programming-guide,https://github.com/cpq/bare-metal-programming-guide,4393,396,3,0,4,23,27
craigpeacock/nRF52840_Examples,https://github.com/craigpeacock/nRF52840_Examples,4,0,0,0,0,0,0
cuav/PX4-Autopilot,https://github.com/cuav/PX4-Autopilot,11,7,0,0,0,0,0
cuav/ardupilot,https://github.com/cuav/ardupilot,9,5,0,0,0,0,0
cwunder/ADS_TC29x_ASCLIN,https://github.com/cwunder/ADS_TC29x_ASCLIN,1,1,0,0,0,0,0
danaolcott/MSP430,https://github.com/danaolcott/MSP430,4,0,0,0,0,0,0
derekevans/W25Q16,https://github.com/derekevans/W25Q16,28,10,1,0,0,0,0
dimtass/meta-stm32mp1-bsp-base,https://github.com/dimtass/meta-stm32mp1-bsp-base,3,2,0,1,0,1,1
dimtass/stm32f7xx_cmake_template,https://github.com/dimtass/stm32f7xx_cmake_template,0,0,0,0,0,0,0
dimtass/stm32mp1-rpmsg-test,https://github.com/dimtass/stm32mp1-rpmsg-test,3,3,0,1,0,0,0
dinguluer/Renesas,https://github.com/dinguluer/Renesas,25,9,0,0,0,0,0
dinguluer/Renesas_FreeRTOS,https://github.com/dinguluer/Renesas_FreeRTOS,21,10,2,0,0,0,0
dnotq/sdram,https://github.com/dnotq/sdram,28,5,2,0,0,0,0
dpretet/axi-crossbar,https://github.com/dpretet/axi-crossbar,210,37,10,0,0,0,0
dragonlock2/zephyrboards,https://github.com/dragonlock2/zephyrboards/tree/main/drivers/lin,17,4,0,0,0,0,0
drmpeg/gr-c66xfft,https://github.com/drmpeg/gr-c66xfft,4,2,0,0,0,0,0
ducky64/arduino-lepton,https://github.com/ducky64/arduino-lepton,9,2,1,0,0,0,0
dusty-nv/jetson-containers,https://github.com/dusty-nv/jetson-containers,4365,795,155,15,175,561,736
dusty-nv/jetson-inference,https://github.com/dusty-nv/jetson-inference,8727,3091,360,44,19,24,43
dybarsky/msp430,https://github.com/dybarsky/msp430,0,0,0,0,0,0,0
earlephilhower/arduino-pico,https://github.com/earlephilhower/arduino-pico,2711,540,5,6,128,1235,1363
ecetinturk/msp430-examples,https://github.com/ecetinturk/msp430-examples,1,0,0,0,0,0,0
eclipse-mosquitto/mosquitto,https://github.com/eclipse/mosquitto,10628,2586,646,62,387,322,709
eclipse-paho/paho.mqtt.python,https://github.com/eclipse/paho.mqtt.python,2380,735,120,20,125,143,268
cantools/cantools,https://github.com/eerimoq/cantools,2197,624,95,28,58,271,329
emb-lib/arm-none-eabi-startup,https://github.com/emb-lib/arm-none-eabi-startup,9,4,0,0,0,0,0
embeddedcrab/stm32mp1_multicore_comm,https://github.com/embeddedcrab/stm32mp1_multicore_comm,4,0,0,0,0,0,0
emmericp/ixy,https://github.com/emmericp/ixy,1287,138,7,7,1,14,15
enjoy-digital/litedram,https://github.com/enjoy-digital/litedram,468,135,54,3,27,176,203
enjoy-digital/litepcie,https://github.com/enjoy-digital/litepcie,662,157,27,3,7,74,81
esp-rs/esp-hal,https://github.com/esp-rs/esp-hal,1744,398,234,27,277,2821,3098
esphome/esphome,https://github.com/esphome/esphome,10567,5028,207,363,2090,9687,11777
espressif/arduino-esp32,https://github.com/espressif/arduino-esp32,16289,7808,124,18,940,3107,4047
espressif/binutils-gdb,https://github.com/espressif/binutils-gdb,16,9,0,0,3,0,3
espressif/clang-xtensa,https://github.com/espressif/clang-xtensa,61,3,0,0,0,0,0
espressif/crosstool-NG,https://github.com/espressif/crosstool-NG,149,69,10,0,10,0,10
espressif/esp-adf,https://github.com/espressif/esp-adf,2177,837,239,34,97,4,101
espressif/esp-at,https://github.com/espressif/esp-at,1182,1150,91,0,94,0,94
espressif/esp-box,https://github.com/espressif/esp-box,1190,262,15,0,6,0,6
espressif/esp-bsp,https://github.com/espressif/esp-bsp,379,187,30,19,62,428,490
espressif/esp-dl,https://github.com/espressif/esp-dl,925,185,31,2,6,7,13
espressif/esp-dsp,https://github.com/espressif/esp-dsp,643,113,24,3,12,1,13
espressif/esp-eth-drivers,https://github.com/espressif/esp-eth-drivers,53,23,4,11,17,80,97
espressif/esp-hosted,https://github.com/espressif/esp-hosted,942,225,317,15,56,1,57
espressif/esp-idf,https://github.com/espressif/esp-idf,17338,8105,1382,144,1734,329,2063
espressif/esp-idf,https://github.com/espressif/esp-idf/tree/master/examples/ethernet/basic,17338,8105,1382,144,1734,329,2063
espressif/esp-lowcode-matter,https://github.com/espressif/esp-lowcode-matter,56,28,6,1,4,2,6
espressif/esp-matter,https://github.com/espressif/esp-matter,962,221,173,13,32,39,71
espressif/esp-now,https://github.com/espressif/esp-now,717,124,0,0,16,2,18
espressif/esp-thread-br,https://github.com/espressif/esp-thread-br,199,47,15,1,6,3,9
espressif/esp-wireless-drivers-3rdparty,https://github.com/espressif/esp-wireless-drivers-3rdparty,29,15,0,0,6,0,6
espressif/esp-xtensaconfig-lib,https://github.com/espressif/esp-xtensaconfig-lib,1,2,0,0,0,0,0
espressif/esp-zigbee-sdk,https://github.com/espressif/esp-zigbee-sdk,341,74,82,1,14,6,20
espressif/llvm-project,https://github.com/espressif/llvm-project,264,27,17,4,32,3,35
espressif/llvm-xtensa,https://github.com/espressif/llvm-xtensa,170,7,0,0,1,0,1
espressif/xtensa-dynconfig,https://github.com/espressif/xtensa-dynconfig,2,1,0,0,0,0,0
ethereum/go-ethereum,https://github.com/ethereum/go-ethereum,50810,21783,190,199,4424,8722,13146
fastboatster/TC1796_CAN_bootloader,https://github.com/fastboatster/TC1796_CAN_bootloader,12,3,1,0,0,1,1
feabhas/cmake-target,https://github.com/feabhas/cmake-target,5,0,0,0,0,0,0
feaser/openblt,https://github.com/feaser/openblt,851,283,0,0,17,0,17
finani/ICM20689,https://github.com/finani/ICM20689,11,6,0,0,0,2,2
flipperdevices/flipperzero-firmware,https://github.com/flipperdevices/flipperzero-firmware,15550,3261,166,65,409,2598,3007
foss-for-synopsys-dwc-arc-processors/ARC-Development-Systems-Forum,https://github.com/foss-for-synopsys-dwc-arc-processors/ARC-Development-Systems-Forum,4,3,6,0,1,0,1
foss-for-synopsys-dwc-arc-processors/arc-baremetal,https://github.com/foss-for-synopsys-dwc-arc-processors/arc-baremetal,1,0,0,0,0,0,0
foss-for-synopsys-dwc-arc-processors/arc-gnu-toolchain,https://github.com/foss-for-synopsys-dwc-arc-processors/arc-gnu-toolchain,6,4,2,5,3,29,32
foss-for-synopsys-dwc-arc-processors/buildroot,https://github.com/foss-for-synopsys-dwc-arc-processors/buildroot,8,2,3,0,5,24,29
foss-for-synopsys-dwc-arc-processors/embarc_applications,https://github.com/foss-for-synopsys-dwc-arc-processors/embarc_applications,19,82,1,21,22,43,65
foss-for-synopsys-dwc-arc-processors/embarc_bsp,https://github.com/foss-for-synopsys-dwc-arc-processors/embarc_bsp,9,3,0,0,0,2,2
foss-for-synopsys-dwc-arc-processors/embarc_emsk_bsp,https://github.com/foss-for-synopsys-dwc-arc-processors/embarc_emsk_bsp,14,4,0,0,0,4,4
foss-for-synopsys-dwc-arc-processors/embarc_mli,https://github.com/foss-for-synopsys-dwc-arc-processors/embarc_mli,33,10,6,3,32,477,509
foss-for-synopsys-dwc-arc-processors/embarc_osp,https://github.com/foss-for-synopsys-dwc-arc-processors/embarc_osp,79,65,17,7,18,78,96
foss-for-synopsys-dwc-arc-processors/freertos,https://github.com/foss-for-synopsys-dwc-arc-processors/freertos,4,1,0,1,1,0,1
foss-for-synopsys-dwc-arc-processors/gcc,https://github.com/foss-for-synopsys-dwc-arc-processors/gcc,18,15,5,8,53,96,149
foss-for-synopsys-dwc-arc-processors/meta-synopsys,https://github.com/foss-for-synopsys-dwc-arc-processors/meta-synopsys,8,6,0,2,0,5,5
foss-for-synopsys-dwc-arc-processors/newlib,https://github.com/foss-for-synopsys-dwc-arc-processors/newlib,7,7,4,2,14,54,68
foss-for-synopsys-dwc-arc-processors/toolchain,https://github.com/foss-for-synopsys-dwc-arc-processors/toolchain,104,50,87,1,56,132,188
foss-xtensa/FreeRTOS,https://github.com/foss-xtensa/FreeRTOS,1,0,0,0,0,0,0
foss-xtensa/hosted-xaf,https://github.com/foss-xtensa/hosted-xaf,1,2,0,0,0,0,0
foss-xtensa/llm_hub,https://github.com/foss-xtensa/llm_hub,1,0,0,0,0,1,1
foss-xtensa/nnlib-FusionG3,https://github.com/foss-xtensa/nnlib-FusionG3,0,0,0,1,1,6,7
foss-xtensa/nnlib-hifi4,https://github.com/foss-xtensa/nnlib-hifi4,56,22,3,0,1,9,10
foss-xtensa/nnlib-hifi5,https://github.com/foss-xtensa/nnlib-hifi5,49,21,4,0,0,8,8
foss-xtensa/openocd,https://github.com/foss-xtensa/openocd,1,0,0,0,2,0,2
foss-xtensa/tflmlib_vision,https://github.com/foss-xtensa/tflmlib_vision,8,3,0,0,0,7,7
foss-xtensa/xaf-hostless,https://github.com/foss-xtensa/xaf-hostless,13,11,1,0,0,3,3
foss-xtensa/xrp,https://github.com/foss-xtensa/xrp,13,9,0,2,1,3,4
foss-xtensa/xtensa-hal,https://github.com/foss-xtensa/xtensa-hal,11,3,0,0,0,0,0
framosimaging/framos-jetson-drivers,https://github.com/framosimaging/framos-jetson-drivers,18,9,1,0,0,0,0
gbhug5a/MSP430-BSL,https://github.com/gbhug5a/MSP430-BSL,32,9,0,0,0,0,0
gcc-mirror/gcc,https://github.com/gcc-mirror/gcc,10690,4694,0,49,68,0,68
gettobyte/GB_AutoBoardV1_MCAL_Codes,https://github.com/gettobyte/GB_AutoBoardV1_MCAL_Codes,0,0,0,0,0,0,0
grblHAL/ESP32,https://github.com/grblHAL/ESP32,122,68,34,2,5,12,17
grblHAL/RP2040,https://github.com/grblHAL/RP2040,156,70,29,1,6,16,22
greenlsi/nrf5-sdk,https://github.com/greenlsi/nrf5-sdk,6,5,2,0,0,0,0
guimpt/iot_hdmi_mux,https://github.com/guimpt/iot_hdmi_mux,44,7,1,0,0,2,2
handmade0octopus/ESP32-TWAI-CAN,https://github.com/handmade0octopus/ESP32-TWAI-CAN,119,26,2,1,2,5,7
hardbyte/python-can,https://github.com/hardbyte/python-can,1522,666,215,29,126,892,1018
hathach/tinyusb,https://github.com/hathach/tinyusb,6516,1358,205,27,170,1502,1672
hdl-modules/hdl-modules,https://github.com/hdl-modules/hdl-modules,198,35,4,5,12,166,178
hdl-util/hdmi,https://github.com/hdl-util/hdmi,1252,134,16,2,0,16,16
hideakitai/MPU9250,https://github.com/hideakitai/MPU9250,302,89,0,0,8,6,14
home-assistant/operating-system,https://github.com/home-assistant/operating-system,6823,1194,79,2,132,1993,2125
hpe-storage/csi-driver,https://github.com/hpe-storage/csi-driver,84,69,57,2,37,366,403
hustlic/wifi-drivers_supplicant,https://github.com/hustlic/wifi-drivers_supplicant,4,1,0,0,0,0,0
iOperator/msp_embedded_bootloader_host,https://github.com/iOperator/msp_embedded_bootloader_host,7,1,2,0,0,0,0
insightsip/BLE-AT-Commands,https://github.com/insightsip/BLE-AT-Commands,8,7,0,0,0,1,1
intel-iot-devkit/iot-devkit-samples,https://github.com/intel-iot-devkit/iot-devkit-samples,78,64,0,0,42,133,175
intel/compute-runtime,https://github.com/intel/compute-runtime,1340,265,39,20,164,19,183
intel/confidential-computing.sgx,https://github.com/intel/confidential-computing.sgx,1411,560,297,30,100,227,327
intel/ethernet-linux-i40e,https://github.com/intel/ethernet-linux-i40e,41,13,12,5,1,7,8
intel/ethernet-linux-igb,https://github.com/intel/ethernet-linux-igb,30,9,3,1,0,5,5
intel/gvt-linux,https://github.com/intel/gvt-linux,518,94,79,9,4,1,5
intel/iotg-yocto-ese-bsp,https://github.com/intel/iotg-yocto-ese-bsp,0,0,2,0,0,0,0
intel/ipu6-drivers,https://github.com/intel/ipu6-drivers,238,65,114,28,37,186,223
intel/media-driver,https://github.com/intel/media-driver,1183,372,147,103,225,596,821
intel/qatlib,https://github.com/intel/qatlib,122,39,3,1,25,59,84
iscle/OrangePi_4G-IOT_Android_8.1_BSP,https://github.com/iscle/OrangePi_4G-IOT_Android_8.1_BSP,43,35,1,0,0,0,0
isjerryxiao/Amlogic_s905-kernel,https://github.com/isjerryxiao/Amlogic_s905-kernel,2,3,0,0,0,0,0
jamesbowman/i2cdriver,https://github.com/jamesbowman/i2cdriver,213,59,32,0,0,6,6
jamesbowman/spidriver,https://github.com/jamesbowman/spidriver,194,56,19,2,0,9,9
jasonyang-ee/STM32-CMAKE-TEMPLATE,https://github.com/jasonyang-ee/STM32-CMAKE-TEMPLATE,52,9,0,0,3,8,11
jcf9410/canfdlib,https://github.com/jcf9410/canfdlib,4,0,0,0,0,0,0
jetsonhacks/jetson-linux-build,https://github.com/jetsonhacks/jetson-linux-build,77,19,4,2,0,3,3
jetsonhacks/jetson-orin-kernel-builder,https://github.com/jetsonhacks/jetson-orin-kernel-builder,60,11,7,1,0,0,0
joan2937/pigpio,https://github.com/joan2937/pigpio,1571,440,85,21,37,52,89
joaodullius/nrf-examples,https://github.com/joaodullius/nrf-examples,13,1,0,0,0,5,5
khadas/linux,https://github.com/khadas/linux,164,149,11,7,26,109,135
kowalski100/FreeRTOS-STM32-HAL-Examples,https://github.com/kowalski100/FreeRTOS-STM32-HAL-Examples,84,38,0,0,0,0,0
kriswiner/ICM42688,https://github.com/kriswiner/ICM42688,39,4,5,0,0,1,1
kubernetes-csi/csi-driver-nfs,https://github.com/kubernetes-csi/csi-driver-nfs,1217,303,11,8,98,670,768
kubernetes-csi/csi-driver-smb,https://github.com/kubernetes-csi/csi-driver-smb,619,155,7,2,72,600,672
kubernetes-csi/csi-proxy,https://github.com/kubernetes-csi/csi-proxy,64,63,5,0,81,254,335
kubernetes-csi/external-snapshotter,https://github.com/kubernetes-csi/external-snapshotter,609,411,13,14,272,747,1019
kurisaW/IST8310,https://github.com/kurisaW/IST8310,1,0,0,0,0,0,0
laf0rge/radisys_lte_enb_for_qualcomm_fsm9955,https://github.com/laf0rge/radisys_lte_enb_for_qualcomm_fsm9955,39,17,1,0,0,0,0
langroodi/Adaptive-AUTOSAR,https://github.com/langroodi/Adaptive-AUTOSAR,467,186,0,0,0,0,0
libdriver/lan8720,https://github.com/libdriver/lan8720,32,9,0,0,0,8,8
libdriver/w25qxx,https://github.com/libdriver/w25qxx,629,70,10,1,0,23,23
libhal-google/libhal-armcortex,https://github.com/libhal-google/libhal-armcortex,6,4,14,0,7,114,121
libopencm3/libopencm3,https://github.com/libopencm3/libopencm3,3499,1105,146,120,737,198,935
libusb/libusb,https://github.com/libusb/libusb,5973,2027,126,68,533,26,559
libusbhost/libusbhost,https://github.com/libusbhost/libusbhost,61,24,4,2,1,3,4
light-tech/LearnSTM32,https://github.com/light-tech/LearnSTM32,8,4,0,0,0,0,0
linux-can/can-utils,https://github.com/linux-can/can-utils,2793,772,51,11,63,265,328
linux-can/socketcand,https://github.com/linux-can/socketcand,224,61,5,5,2,48,50
linux-mediatek/linux,https://github.com/linux-mediatek/linux,8,2,0,0,0,0,0
linux-msm/qdl,https://github.com/linux-msm/qdl,326,120,11,4,32,98,130
linux4microchip/buildroot-external-microchip,https://github.com/linux4microchip/buildroot-external-microchip,27,21,1,1,5,0,5
linux4microchip/linux,https://github.com/linux4microchip/linux,25,47,0,2,5,0,5
linux4microchip/meta-mchp,https://github.com/linux4microchip/meta-mchp,9,3,1,0,0,0,0
liuheng135/drivers,https://github.com/liuheng135/drivers,2,3,0,0,0,0,0
llvm/llvm-project,https://github.com/llvm/llvm-project,36956,16160,28097,6579,8525,73199,81724
lpc55/lpc55-hal,https://github.com/lpc55/lpc55-hal,38,22,9,3,7,60,67
lvgl/lv_port_nxp_imxrt1170-evkb,https://github.com/lvgl/lv_port_nxp_imxrt1170-evkb,2,2,0,0,0,1,1
lvgl/lvgl,https://github.com/lvgl/lvgl,22773,4034,71,53,743,4656,5399
lvgl/lvgl_esp32_drivers,https://github.com/lvgl/lvgl_esp32_drivers,433,314,64,15,28,70,98
lwfinger/rtl8723au_bt,https://github.com/lwfinger/rtl8723au_bt,127,63,38,5,3,9,12
lwip-tcpip/lwip,https://github.com/lwip-tcpip/lwip,1538,562,0,44,27,16,43
m-peko/SecureBLE,https://github.com/m-peko/SecureBLE,22,5,0,0,0,0,0
make2explore/esp32-Matter,https://github.com/make2explore/esp32-Matter,11,2,0,0,0,0,0
makerdiary/nrf52840-mdk,https://github.com/makerdiary/nrf52840-mdk,189,44,26,0,0,3,3
makerdiary/nrf52840-mdk-usb-dongle,https://github.com/makerdiary/nrf52840-mdk-usb-dongle,412,100,54,3,3,4,7
marshallma21/AUTOSAR_SampleProject_S32K144,https://github.com/marshallma21/AUTOSAR_SampleProject_S32K144,122,56,0,0,0,0,0
martin-ger/esp_wifi_repeater,https://github.com/martin-ger/esp_wifi_repeater,5124,960,250,5,8,41,49
maudeve-it/W25Qxxx_SPI_FLASH_STM32,https://github.com/maudeve-it/W25Qxxx_SPI_FLASH_STM32,39,13,2,0,0,0,0
mavlink/MAVSDK,https://github.com/mavlink/MAVSDK,828,600,67,2,234,1582,1816
mc-cat-tty/MSP430-HAL,https://github.com/mc-cat-tty/MSP430-HAL,3,0,0,0,0,0,0
mcuee/libusbk,https://github.com/mcuee/libusbk,107,42,15,3,1,4,5
mediatek-opensource/vendor-mediatek-kernel_modules-connectivity-wlan-adaptor,https://github.com/mediatek-opensource/vendor-mediatek-kernel_modules-connectivity-wlan-adaptor,4,0,0,0,0,0,0
mesanu/ESP-IDF-BMI270-Sensor-API,https://github.com/mesanu/ESP-IDF-BMI270-Sensor-API,0,0,3,0,0,0,0
meshtastic/firmware,https://github.com/meshtastic/firmware,6865,2041,260,138,797,4837,5634
meta-qt5/meta-qt5,https://github.com/meta-qt5/meta-qt5,273,356,114,4,334,106,440
mgritz/msp430-lib,https://github.com/mgritz/msp430-lib,1,2,0,0,0,0,0
micro-ROS/micro_ros_renesas_demos,https://github.com/micro-ROS/micro_ros_renesas_demos,8,7,6,1,7,132,139
microchip-pic-avr-examples/pic24-dspic-can-canfd-bootloader,https://github.com/microchip-pic-avr-examples/pic24-dspic-can-canfd-bootloader,20,9,0,0,0,0,0
micropython/micropython,https://github.com/micropython/micropython,21469,8712,1383,470,4333,2758,7091
mikisama/FreeRTOS_RH850,https://github.com/mikisama/FreeRTOS_RH850,37,26,0,0,1,2,3
milesp20/intel_nuc_led,https://github.com/milesp20/intel_nuc_led,90,46,11,7,2,7,9
mit-cml/appinventor-extensions,https://github.com/mit-cml/appinventor-extensions,101,101,37,14,7,9,16
mitsut/autosar_os_training,https://github.com/mitsut/autosar_os_training,3,1,0,0,0,0,0
modelcontextprotocol/servers,https://github.com/modelcontextprotocol/servers,78773,9539,233,97,1242,1172,2414
movidius/ncappzoo,https://github.com/movidius/ncappzoo,960,373,0,5,96,259,355
movidius/ncsdk,https://github.com/movidius/ncsdk,350,157,0,10,13,13,26
mreutman/icm20602,https://github.com/mreutman/icm20602,18,7,1,1,0,0,0
msemegen/ng_hal,https://github.com/msemegen/ng_hal,7,0,0,0,0,1,1
natanaeljr/esp32-MPU-driver,https://github.com/natanaeljr/esp32-MPU-driver,271,68,13,1,1,4,5
neggles/jetson-multimedia-api,https://github.com/neggles/jetson-multimedia-api,9,3,0,0,0,0,0
nimaltd/spif,https://github.com/nimaltd/spif,694,178,26,0,1,2,3
nmap/npcap,https://github.com/nmap/npcap,3432,579,239,6,17,16,33
nopnop2002/Arduino-STM32-CAN,https://github.com/nopnop2002/Arduino-STM32-CAN,258,63,5,0,0,0,0
nopnop2002/esp-idf-w25q64,https://github.com/nopnop2002/esp-idf-w25q64,53,16,0,0,0,0,0
nrfconnect/sdk-nrf,https://github.com/nrfconnect/sdk-nrf,1264,1462,0,184,5601,21242,26843
nrfconnect/sdk-nrfxlib,https://github.com/nrfconnect/sdk-nrfxlib,165,354,0,7,564,1442,2006
nrfconnect/sdk-zephyr,https://github.com/nrfconnect/sdk-zephyr,378,754,0,168,1133,2475,3608
nvidia-holoscan/holoscan-sdk,https://github.com/nvidia-holoscan/holoscan-sdk,192,55,6,2,5,0,5
nxp-appcodehub/an-fxls8974cf-low-power-wake-up-examples,https://github.com/nxp-appcodehub/an-fxls8974cf-low-power-wake-up-examples,2,0,0,0,0,0,0
nxp-appcodehub/an-uvc_imxrt,https://github.com/nxp-appcodehub/an-uvc_imxrt,0,1,0,0,0,0,0
nxp-appcodehub/ap-qmc2g-industrial,https://github.com/nxp-appcodehub/ap-qmc2g-industrial,4,1,0,0,0,0,0
nxp-auto-goldvip/gvip,https://github.com/nxp-auto-goldvip/gvip,5,2,0,0,0,0,0
nxp-auto-linux/alb-demos,https://github.com/nxp-auto-linux/alb-demos,1,1,0,0,0,0,0
nxp-auto-linux/ipc-shm,https://github.com/nxp-auto-linux/ipc-shm,33,14,1,1,0,0,0
nxp-auto-linux/linux,https://github.com/nxp-auto-linux/linux,20,13,1,1,0,0,0
nxp-auto-linux/meta-alb,https://github.com/nxp-auto-linux/meta-alb,11,10,2,3,4,0,4
nxp-auto-linux/pfeng,https://github.com/nxp-auto-linux/pfeng,13,5,0,0,0,0,0
nxp-auto-linux/u-boot,https://github.com/nxp-auto-linux/u-boot,11,12,1,0,4,0,4
nxp-auto-support/AN12218_sw,https://github.com/nxp-auto-support/AN12218_sw,3,2,0,0,0,0,0
nxp-auto-support/S32K1xx_cookbook,https://github.com/nxp-auto-support/S32K1xx_cookbook,15,5,0,0,0,0,0
nxp-auto-support/s32k142_cookbook,https://github.com/nxp-auto-support/s32k142_cookbook,3,1,0,0,0,0,0
nxp-auto-support/s32k144_cookbook,https://github.com/nxp-auto-support/s32k144_cookbook,18,7,0,0,0,0,0
nxp-auto-support/s32k146_cookbook,https://github.com/nxp-auto-support/s32k146_cookbook,3,6,0,0,0,0,0
nxp-auto-support/s32k148_cookbook,https://github.com/nxp-auto-support/s32k148_cookbook,5,5,0,0,0,0,0
nxp-auto/zephyr,https://github.com/nxp-auto/zephyr,2,0,1,0,0,0,0
nxp-imx-support/imx-camera-sw-pack-source,https://github.com/nxp-imx-support/imx-camera-sw-pack-source,1,0,0,0,0,0,0
nxp-imx/meta-imx,https://github.com/nxp-imx/meta-imx,106,108,0,24,16,10,26
nxp-mcuxpresso/legacy-mcux-sdk,https://github.com/nxp-mcuxpresso/legacy-mcux-sdk,395,154,33,14,25,82,107
nxp-mcuxpresso/legacy-mcux-sdk-examples,https://github.com/nxp-mcuxpresso/legacy-mcux-sdk-examples,71,30,9,1,2,7,9
nxp-mcuxpresso/mcux-component,https://github.com/nxp-mcuxpresso/mcux-component,4,2,4,0,0,0,0
nxp-mcuxpresso/mcux-freertos-drivers,https://github.com/nxp-mcuxpresso/mcux-freertos-drivers,1,0,1,0,0,0,0
nxp-mcuxpresso/mcuxsdk-core,https://github.com/nxp-mcuxpresso/mcuxsdk-core,23,11,4,2,6,0,6
nxp-mcuxpresso/mcuxsdk-examples,https://github.com/nxp-mcuxpresso/mcuxsdk-examples,16,6,3,1,0,0,0
nxp-mcuxpresso/mcuxsdk-manifests,https://github.com/nxp-mcuxpresso/mcuxsdk-manifests,58,9,10,0,0,0,0
nxp-mcuxpresso/mcuxsdk-middleware-edgefast-bluetooth,https://github.com/nxp-mcuxpresso/mcuxsdk-middleware-edgefast-bluetooth,3,1,2,0,0,0,0
nxp-mcuxpresso/nxp-vee-imxrt1170-evk,https://github.com/nxp-mcuxpresso/nxp-vee-imxrt1170-evk,7,3,0,0,0,0,0
nxp-qoriq-yocto-sdk/hypervisor,https://github.com/nxp-qoriq-yocto-sdk/hypervisor,2,1,0,0,0,0,0
nxp-qoriq-yocto-sdk/l2switch-uio,https://github.com/nxp-qoriq-yocto-sdk/l2switch-uio,0,0,0,0,0,0,0
nxp-qoriq-yocto-sdk/poky,https://github.com/nxp-qoriq-yocto-sdk/poky,1,0,0,0,0,0,0
nxp-qoriq-yocto-sdk/u-boot,https://github.com/nxp-qoriq-yocto-sdk/u-boot,0,1,0,0,0,0,0
nxp-qoriq/atf,https://github.com/nxp-qoriq/atf,9,10,0,1,0,0,0
nxp-qoriq/dpdk,https://github.com/nxp-qoriq/dpdk,11,8,0,0,0,0,0
nxp-qoriq/linux,https://github.com/nxp-qoriq/linux,20,18,2,0,0,0,0
nxp-qoriq/meta-qoriq,https://github.com/nxp-qoriq/meta-qoriq,3,8,1,4,0,0,0
nxp-qoriq/u-boot,https://github.com/nxp-qoriq/u-boot,6,13,1,0,0,0,0
nxp-zephyr/zephyr,https://github.com/nxp-zephyr/zephyr,2,0,0,0,0,0,0
olgirard/openmsp430,https://github.com/olgirard/openmsp430,72,19,1,0,0,0,0
intel/libvpl,https://github.com/oneapi-src/oneVPL,347,100,13,3,34,9,43
oood/How-to-Disable-Intel-ME-on-Intel-NUCs,https://github.com/oood/How-to-Disable-Intel-ME-on-Intel-NUCs,32,4,2,0,0,2,2
open-LIN/open-LIN-c,https://github.com/open-LIN/open-LIN-c,82,40,1,0,0,0,0
open-sdr/openwifi,https://github.com/open-sdr/openwifi,4505,764,91,1,14,49,63
openAUTOSAR/classic-platform,https://github.com/openAUTOSAR/classic-platform,623,376,4,1,4,0,4
openbmc/openbmc,https://github.com/openbmc/openbmc,2357,1073,39,0,91,198,289
openbouffalo/buildroot_bouffalo,https://github.com/openbouffalo/buildroot_bouffalo,134,36,21,4,11,33,44
nxp-archive/openil_u-boot,https://github.com/openil/u-boot/tree/Baremetal-Framework-imx_v2020.04_5.4.24_2.1.0,15,10,1,0,1,0,1
openthread/openthread,https://github.com/openthread/openthread,3884,1141,75,91,883,8631,9514
openthread/ot-br-posix,https://github.com/openthread/ot-br-posix,503,263,22,20,371,2241,2612
openthread/ot-commissioner,https://github.com/openthread/ot-commissioner,65,47,19,10,41,225,266
openthread/ot-nrf528xx,https://github.com/openthread/ot-nrf528xx,83,69,3,6,26,1136,1162
openthread/ot-ns,https://github.com/openthread/ot-ns,85,29,20,11,441,254,695
openthread/ot-nxp,https://github.com/openthread/ot-nxp,21,16,0,2,257,807,1064
openvinotoolkit/model_server,https://github.com/openvinotoolkit/model_server,827,238,29,52,534,3158,3692
openvinotoolkit/open_model_zoo,https://github.com/openvinotoolkit/open_model_zoo,4353,1405,24,35,373,3136,3509
openvinotoolkit/openvino,https://github.com/openvinotoolkit/openvino,9709,3035,296,373,6440,23706,30146
openvinotoolkit/openvino_build_deploy,https://github.com/openvinotoolkit/openvino_build_deploy,203,91,1,2,92,332,424
openvinotoolkit/openvino_notebooks,https://github.com/openvinotoolkit/openvino_notebooks,3041,979,23,12,300,2489,2789
openwrt/openwrt,https://github.com/openwrt/openwrt,25559,12037,3014,831,7633,5027,12660
ophub/amlogic-s9xxx-armbian,https://github.com/ophub/amlogic-s9xxx-armbian,8737,2767,125,0,92,114,206
ophub/amlogic-s9xxx-openwrt,https://github.com/ophub/amlogic-s9xxx-openwrt,2729,2310,35,0,126,22,148
osdu/150balbes-Amlogic_S905-u-boot,https://github.com/osdu/150balbes-Amlogic_S905-u-boot,0,0,0,0,0,0,0
pabigot/bsp430,https://github.com/pabigot/bsp430,39,10,8,0,1,0,1
papa-karlo/srio-6678,https://github.com/papa-karlo/srio-6678,5,0,0,0,0,0,0
pavelkomarov/TI-C2000-middleware,https://github.com/pavelkomarov/TI-C2000-middleware,12,3,1,0,0,0,0
pazi88/STM32_CAN,https://github.com/pazi88/STM32_CAN,115,36,12,0,0,12,12
pbatard/libwdi,https://github.com/pbatard/libwdi,2181,509,5,0,34,1,35
phanirajkiran/STM32F4-Custom-Bootloader,https://github.com/phanirajkiran/STM32F4-Custom-Bootloader,2,12,0,0,0,0,0
phytec/linux-phytec-ti,https://github.com/phytec/linux-phytec-ti,5,5,0,0,0,0,0
phytec/meta-phytec,https://github.com/phytec/meta-phytec,21,10,0,0,7,0,7
phytec/u-boot-phytec,https://github.com/phytec/u-boot-phytec,1,0,0,0,0,0,0
phytec/u-boot-phytec-ti,https://github.com/phytec/u-boot-phytec-ti,1,1,0,0,0,0,0
pierremolinaro/acan2517FD,https://github.com/pierremolinaro/acan2517FD,79,21,23,3,4,10,14
pierremolinaro/acanfd-stm32,https://github.com/pierremolinaro/acanfd-stm32,18,8,7,0,0,0,0
pine64/bl_iot_sdk,https://github.com/pine64/bl_iot_sdk,133,59,11,7,28,38,66
platformio/platform-timsp430,https://github.com/platformio/platform-timsp430,20,18,18,2,1,2,3
polarfire-soc/hart-software-services,https://github.com/polarfire-soc/hart-software-services,50,54,21,4,18,11,29
polarfire-soc/linux,https://github.com/polarfire-soc/linux,4,2,0,0,0,0,0
polarfire-soc/platform,https://github.com/polarfire-soc/platform,9,15,12,4,5,0,5
polarfire-soc/polarfire-soc-bare-metal-examples,https://github.com/polarfire-soc/polarfire-soc-bare-metal-examples,42,20,10,1,4,0,4
polarfire-soc/polarfire-soc-discovery-kit-reference-design,https://github.com/polarfire-soc/polarfire-soc-discovery-kit-reference-design,17,6,3,0,1,0,1
polarfire-soc/polarfire-soc-linux-examples,https://github.com/polarfire-soc/polarfire-soc-linux-examples,16,7,2,0,0,0,0
polarfire-soc/polarfire-soc-video-kit-reference-design,https://github.com/polarfire-soc/polarfire-soc-video-kit-reference-design,6,6,1,0,0,0,0
polarfire-soc/u-boot,https://github.com/polarfire-soc/u-boot,2,8,0,2,1,1,2
pololu/drv8835-motor-driver-rpi,https://github.com/pololu/drv8835-motor-driver-rpi,26,13,1,0,0,0,0
pololu/drv8835-motor-shield,https://github.com/pololu/drv8835-motor-shield,16,24,1,1,0,0,0
pololu/libusbp,https://github.com/pololu/libusbp,119,41,2,3,5,3,8
pravinraghul/cortex-m-startup,https://github.com/pravinraghul/cortex-m-startup,0,1,0,0,0,0,0
pro-codes090/stm32f4-spi-driver,https://github.com/pro-codes090/stm32f4-spi-driver,6,1,0,0,0,0,0
project-chip/connectedhomeip,https://github.com/project-chip/connectedhomeip,8577,2334,2246,390,6993,21842,28835
pulp-platform/axi,https://github.com/pulp-platform/axi,1494,344,53,18,30,231,261
putterer/csi-server,https://github.com/putterer/csi-server,13,2,0,0,0,0,0
pyserial/pyserial,https://github.com/pyserial/pyserial,3500,1154,275,61,64,136,200
pytorch/pytorch,https://github.com/pytorch/pytorch,97435,26879,16075,1937,109424,6403,115827
qnx-ports/build-files,https://github.com/qnx-ports/build-files,34,17,0,27,27,220,247
qualcomm-linux/kernel,https://github.com/qualcomm-linux/kernel,14,72,27,45,97,87,184
qualcomm-linux/meta-qcom,https://github.com/qualcomm-linux/meta-qcom,120,196,98,46,209,1110,1319
qualcomm-linux/meta-qcom-distro,https://github.com/qualcomm-linux/meta-qcom-distro,8,37,13,13,25,114,139
qualcomm-linux/meta-qcom-qim-product-sdk,https://github.com/qualcomm-linux/meta-qcom-qim-product-sdk,6,4,1,3,0,0,0
qualcomm-linux/qcom-manifest,https://github.com/qualcomm-linux/qcom-manifest,19,10,1,0,1,0,1
qualcomm-linux/qcom-ptool,https://github.com/qualcomm-linux/qcom-ptool,6,21,10,2,5,48,53
qualcomm/fastrpc,https://github.com/qualcomm/fastrpc,75,60,14,13,79,124,203
qualcomm/gst-plugins-imsdk,https://github.com/qualcomm/gst-plugins-imsdk,4,5,0,1,0,0,0
qualcomm/qcom-usb-kernel-drivers,https://github.com/qualcomm/qcom-usb-kernel-drivers,19,3,1,0,1,1,2
qualcomm-linux/meta-qcom-qim-product-sdk,https://github.com/quic-yocto/meta-qcom-qim-product-sdk,6,4,1,3,0,0,0
qualcomm-linux/meta-qcom-realtime,https://github.com/quic-yocto/meta-qcom-realtime,3,3,0,2,0,0,0
quic/sample-apps-for-robotics-platforms,https://github.com/quic/sample-apps-for-robotics-platforms,136,46,21,9,17,44,61
radxa/kernel,https://github.com/radxa/kernel,198,224,33,1,204,272,476
radxa/meta-mediatek-bsp,https://github.com/radxa/meta-mediatek-bsp,2,1,0,1,0,0,0
radxa/u-boot-rockchip,https://github.com/radxa/u-boot-rockchip,28,24,0,0,0,0,0
rafaelcalcada/rvx,https://github.com/rafaelcalcada/rvx,191,26,0,0,3,45,48
raspberrypi/libcamera,https://github.com/raspberrypi/libcamera,422,167,2,1,43,30,73
raspberrypi/linux,https://github.com/raspberrypi/linux,12531,5366,921,117,750,2084,2834
raspberrypi/picamera2,https://github.com/raspberrypi/picamera2,1192,244,270,7,119,307,426
raspberrypi/pico-examples,https://github.com/raspberrypi/pico-examples,3709,988,114,55,88,255,343
raspberrypi/pico-sdk,https://github.com/raspberrypi/pico-sdk,4641,1206,297,75,197,1031,1228
raspberrypi/pico-sdk,https://github.com/raspberrypi/pico-sdk/tree/master/src/rp2_common/hardware_uart,4641,1206,297,75,197,1031,1228
raspberrypi/rpicam-apps,https://github.com/raspberrypi/rpicam-apps,545,297,3,5,70,316,386
raspberrypi/usbboot,https://github.com/raspberrypi/usbboot,1223,297,4,1,21,183,204
rbonghi/jetson_stats,https://github.com/rbonghi/jetson_stats,2475,317,82,1,34,192,226
realhonbo/stboot-stm32,https://github.com/realhonbo/stboot-stm32,25,6,1,0,0,0,0
realsenseai/librealsense,https://github.com/realsenseai/librealsense,8535,4974,364,92,680,3699,4379
realsenseai/realsense-ros,https://github.com/realsenseai/realsense-ros,3217,1944,108,5,213,636,849
renatosoriano/AUTOSAR-MCAL-Embedded-Upskilling-Bootcamp,https://github.com/renatosoriano/AUTOSAR-MCAL-Embedded-Upskilling-Bootcamp,63,27,0,0,0,0,0
renesas-rcar/arm-trusted-firmware,https://github.com/renesas-rcar/arm-trusted-firmware,26,39,9,10,4,0,4
renesas-rcar/flash_writer,https://github.com/renesas-rcar/flash_writer,26,14,7,0,0,1,1
renesas-rcar/linux-bsp,https://github.com/renesas-rcar/linux-bsp,43,38,3,3,0,0,0
renesas-rcar/meta-renesas,https://github.com/renesas-rcar/meta-renesas,60,82,23,4,7,1,8
renesas-rcar/meta-renesas-upstream-bsp,https://github.com/renesas-rcar/meta-renesas-upstream-bsp,2,1,0,0,0,0,0
renesas-rcar/optee_os,https://github.com/renesas-rcar/optee_os,7,8,1,1,0,1,1
renesas-rcar/u-boot,https://github.com/renesas-rcar/u-boot,25,30,4,2,5,0,5
renesas/FreeRTOS-Kernel-Partner-Supported-Ports,https://github.com/renesas/FreeRTOS-Kernel-Partner-Supported-Ports,1,0,0,0,1,0,1
renesas/FreeRTOS-Kernel-Partner-Supported-Ports,https://github.com/renesas/FreeRTOS-Kernel-Partner-Supported-Ports/tree/u2x_port,1,0,0,0,1,0,1
renesas/fsp,https://github.com/renesas/fsp,262,101,45,5,12,13,25
renesas/hal_renesas,https://github.com/renesas/hal_renesas,0,2,0,0,0,0,0
renesas/ra-fsp-examples,https://github.com/renesas/ra-fsp-examples,150,117,0,2,0,0,0
riscv-software-src/opensbi,https://github.com/riscv-software-src/opensbi,1377,654,85,3,105,88,193
riscv-software-src/riscv-isa-sim,https://github.com/riscv-software-src/riscv-isa-sim,3020,1029,317,58,178,964,1142
riscv-software-src/riscv-pk,https://github.com/riscv-software-src/riscv-pk,688,335,86,5,44,116,160
riscv-software-src/opensbi,https://github.com/riscv/opensbi,1377,654,85,3,105,88,193
rockchip-linux/kernel,https://github.com/rockchip-linux/kernel,1278,1312,235,15,24,0,24
rockchip-linux/rkbin,https://github.com/rockchip-linux/rkbin,355,147,0,1,4,0,4
rockchip-linux/rknn-toolkit2,https://github.com/rockchip-linux/rknn-toolkit2,1108,175,304,2,3,0,3
rockchip-linux/rknpu2,https://github.com/rockchip-linux/rknpu2,806,152,85,3,2,0,2
rockchip-linux/u-boot,https://github.com/rockchip-linux/u-boot,216,129,57,2,11,0,11
ryanwinter/cmake-arm-cortex-m,https://github.com/ryanwinter/cmake-arm-cortex-m,10,0,0,0,0,0,0
sandeepmistry/arduino-CAN,https://github.com/sandeepmistry/arduino-CAN,800,266,83,22,3,8,11
sandeepmistry/arduino-LoRa,https://github.com/sandeepmistry/arduino-LoRa,1877,663,160,25,21,36,57
sandeepmistry/arduino-OBD2,https://github.com/sandeepmistry/arduino-OBD2,547,116,12,3,0,4,4
sfwa/fcs,https://github.com/sfwa/fcs,7,4,0,0,0,2,2
sglee0223/msp430,https://github.com/sglee0223/msp430,1,3,0,0,0,18,18
sheeaza/vulkan-v4l2,https://github.com/sheeaza/vulkan-v4l2,1,0,0,0,0,0,0
sidneycadot/same70,https://github.com/sidneycadot/same70,5,3,0,0,0,1,1
sifive/freedom-e-sdk,https://github.com/sifive/freedom-e-sdk,584,216,43,27,56,451,507
sifive/freedom-metal,https://github.com/sifive/freedom-metal,162,48,31,17,41,328,369
sifive/freedom-tools,https://github.com/sifive/freedom-tools,220,54,0,0,3,46,49
sifive/freedom-u540-c000-bootloader,https://github.com/sifive/freedom-u540-c000-bootloader,90,38,9,8,0,10,10
sifiveinc/freedom-u-sdk,https://github.com/sifiveinc/freedom-u-sdk,296,126,3,0,18,41,59
sifiveinc/meta-sifive,https://github.com/sifiveinc/meta-sifive,54,39,2,0,16,3,19
siliconunited/atmel-asf,https://github.com/siliconunited/atmel-asf,7,2,1,1,0,0,0
simpleavr/boot430,https://github.com/simpleavr/boot430,17,8,0,0,0,2,2
simpleble/simpleble,https://github.com/simpleble/simpleble,1032,155,54,17,28,135,163
sipeed/M1s_BL808_Linux_SDK,https://github.com/sipeed/M1s_BL808_Linux_SDK,33,12,0,0,0,0,0
sipeed/M1s_BL808_SDK,https://github.com/sipeed/M1s_BL808_SDK,59,17,7,0,0,1,1
sipeed/M1s_BL808_example,https://github.com/sipeed/M1s_BL808_example,70,17,14,1,2,0,2
sparkfun/SparkFun_BMI270_Arduino_Library,https://github.com/sparkfun/SparkFun_BMI270_Arduino_Library,25,11,2,1,1,3,4
sparkfun/SparkFun_BMP581_Arduino_Library,https://github.com/sparkfun/SparkFun_BMP581_Arduino_Library,6,7,1,1,0,1,1
sparkfun/SparkFun_BNO08x_Arduino_Library,https://github.com/sparkfun/SparkFun_BNO08x_Arduino_Library,38,16,8,2,1,7,8
sparkfun/SparkFun_FS3000_Arduino_Library,https://github.com/sparkfun/SparkFun_FS3000_Arduino_Library,7,8,0,0,0,3,3
sparkfun/SparkFun_MPU-9250_Breakout_Arduino_Library,https://github.com/sparkfun/SparkFun_MPU-9250_Breakout_Arduino_Library,79,47,0,2,1,3,4
sparkfun/SparkFun_u-blox_GNSS_v3,https://github.com/sparkfun/SparkFun_u-blox_GNSS_v3,96,38,1,1,0,46,46
stm32-hotspot/STM32H7-LwIP-Examples,https://github.com/stm32-hotspot/STM32H7-LwIP-Examples,138,34,12,0,0,0,0
stm32-rs/stm32l0xx-hal,https://github.com/stm32-rs/stm32l0xx-hal,104,62,24,7,14,154,168
stm32duino/ASM330LHH,https://github.com/stm32duino/ASM330LHH,10,7,0,0,0,3,3
stm32duino/STM32FreeRTOS,https://github.com/stm32duino/STM32FreeRTOS,351,65,2,0,1,20,21
sundp159/PlatformDriver,https://github.com/sundp159/PlatformDriver,1,0,0,0,0,0,0
sunny0917/ar0521,https://github.com/sunny0917/ar0521,3,0,2,0,0,0,0
superna9999/meson_gx_mali_450,https://github.com/superna9999/meson_gx_mali_450,37,19,0,0,4,4,8
superna9999/meta-meson,https://github.com/superna9999/meta-meson,117,74,14,3,19,67,86
superna9999/ti-cgt6x,https://github.com/superna9999/ti-cgt6x,0,0,0,0,0,0,0
talhasevinc/STM32,https://github.com/talhasevinc/STM32,11,5,2,0,0,0,0
tass-belgium/picotcp,https://github.com/tass-belgium/picotcp,1294,229,102,9,16,37,53
tbh111/C6678-project,https://github.com/tbh111/C6678-project,2,1,0,0,0,0,0
tdk-invn-oss/pressure.arduino.ICP101XX,https://github.com/tdk-invn-oss/pressure.arduino.ICP101xx,0,0,0,0,0,0,0
tdk-invn-oss/pressure.arduino.ICP201XX,https://github.com/tdk-invn-oss/pressure.arduino.ICP201XX,2,1,0,0,0,0,0
teddywlq/smifb2,https://github.com/teddywlq/smifb2,28,10,16,2,1,6,7
tensorflow/tflite-micro,https://github.com/tensorflow/tflite-micro,2761,992,28,20,371,1916,2287
terryjmyers/PWM,https://github.com/terryjmyers/PWM,46,25,4,2,0,0,0
thryvos/renesas-bootloader-ccrl,https://github.com/thryvos/renesas-bootloader-ccrl,7,2,0,0,0,0,0
tianocore/edk2,https://github.com/tianocore/edk2,5781,3039,1130,137,3815,3589,7404
tianocore/edk2-platforms,https://github.com/tianocore/edk2-platforms,628,593,181,46,136,284,420
ticepd/msp430-examples,https://github.com/ticepd/msp430-examples,137,49,1,1,0,0,0
tock/tock,https://github.com/tock/tock,6225,804,126,38,447,3474,3921
torvalds/linux,https://github.com/torvalds/linux,217524,60452,0,0,0,0,0
torvalds/linux,https://github.com/torvalds/linux/tree/master/drivers/i2c,217524,60452,0,0,0,0,0
torvalds/linux,https://github.com/torvalds/linux/tree/master/drivers/net/can,217524,60452,0,0,0,0,0
torvalds/linux,https://github.com/torvalds/linux/tree/master/drivers/tty/serial,217524,60452,0,0,0,0,0
u-boot/u-boot,https://github.com/u-boot/u-boot,4935,4292,0,238,600,14,614
uboslinux/intel-nuc-led,https://github.com/uboslinux/intel-nuc-led,20,1,1,1,2,1,3
ucb-bar/chipyard,https://github.com/ucb-bar/chipyard,2138,815,158,27,348,1198,1546
varigit/meta-variscite-bsp-ti,https://github.com/varigit/meta-variscite-bsp-ti,0,1,0,0,0,0,0
varigit/ti-linux-kernel,https://github.com/varigit/ti-linux-kernel,2,12,0,0,0,0,0
varigit/ti-u-boot,https://github.com/varigit/ti-u-boot,0,3,0,0,0,0,0
vell001/STM32CAN,https://github.com/vell001/STM32CAN,3,4,0,0,0,0,0
veyeimaging/rk35xx_firefly,https://github.com/veyeimaging/rk35xx_firefly,31,7,0,0,0,0,0
vllm-project/vllm,https://github.com/vllm-project/vllm,70402,13473,1685,1641,4944,13890,18834
vpecanins/stm32f7-freertos,https://github.com/vpecanins/stm32f7-freertos,1,0,0,0,0,0,0
warmcat/libwebsockets,https://github.com/warmcat/libwebsockets,5186,1577,181,27,692,10,702
xogium/buildroot-stm32mp135d-odyssey,https://github.com/xogium/buildroot-stm32mp135d-odyssey,4,1,2,0,0,1,1
yangjie11/spi-nandflash,https://github.com/yangjie11/spi-nandflash,3,4,0,0,0,0,0
YuhanLiin/msp430fr2x5x-hal,https://github.com/yuhanliin/msp430fr2x5x-hal,13,6,1,1,1,22,23
zephyrproject-rtos/hal_st,https://github.com/zephyrproject-rtos/hal_st,15,30,0,4,3,24,27
zephyrproject-rtos/hal_xtensa,https://github.com/zephyrproject-rtos/hal_xtensa,5,19,0,1,6,29,35
zephyrproject-rtos/zephyr,https://github.com/zephyrproject-rtos/zephyr,14475,8654,2189,1268,11785,61106,72891
